geolayerId,geolayerName,buildingName,floorNo,boundary,createdOn,modifiedOn,status,floorBoundary,boundaryColor,floorMap,victor
1,sdcd,sdcs,sdc,"b'\x00\x00\x00\x00\x01\x03\x00\x00\x00\x01\x00\x00\x00\x05\x00\x00\x00\x00\xc0\xfc2Sz\x90\xbf\x00\xc0T(W\x8az?\x00\xa0=j\x1f""\x96\xbf\x00\x00\xc2\xac\xda/\x89\xbf\x00\x80h\xa8v\x93x?\x00\xe0\xab\x85\xc7z\x8a\xbf\x00\x00Ci\xd6\x1cr?\x00@Y\xe2\xf3\x99x?\x00\xc0\xfc2Sz\x90\xbf\x00\xc0T(W\x8az?'",2025-03-05 09:48:26,,0,[],#FD7A00,https://s-tracker-file-storage-dev.s3.ap-southeast-1.amazonaws.com/geolayer/1741168105060.jpg,MTB
2,trdy,tyh,rt,"b""\x00\x00\x00\x00\x01\x03\x00\x00\x00\x01\x00\x00\x00\x05\x00\x00\x00t-F\xa6\xfe\rT@\x08\xe9\xc6\x8c\n\xef)@\xb8-F\xf2\xfd\rT@\x08a\xfa\xf5\xe1\xf0)@\xb8-Fn'\x0eT@\xa0\xc4\x03\xe3\xf7\xf0)@\xb8-Fn'\x0eT@ \x1bV\x83\x15\xef)@t-F\xa6\xfe\rT@\x08\xe9\xc6\x8c\n\xef)@""",2025-03-05 09:58:07,2025-03-06 05:05:00,0,"[[80.2166636,12.976405100000001],[80.2266636,12.976405100000001],[80.2266636,12.9664051],[80.2166636,12.9664051]]",#b8e986,https://s-tracker-file-storage-dev.s3.ap-southeast-1.amazonaws.com/geolayer/1741237500750.png,MTB
3,New LAyer,Karan Building,25F,b'\x00\x00\x00\x00\x01\x03\x00\x00\x00\x01\x00\x00\x00\n\x00\x00\x000\x00\xb0p*lY@\xc0\x17 \xd4\x7f\x16\t@\xfc\xff\xaf\x88\xe5kY@\xe04\xc0\\i\x16\t@\xfc\xff\xaf\xec\xcckY@\xe0\xfc\xc7\xf3\xc7\x18\t@\x14\x00\xb0\x10\xd6kY@\xe0pyf\xd1\x1c\t@ \x00\xb0\x9c\xe0kY@`\xa3\x17cs\x1f\t@$\x00\xb0\xe0\x05lY@\xa0\xe9\xcaQ\xa0\x1f\t@\x00\x00\xb0\xc40lY@`\xa3\x17cs\x1f\t@\xf0\xff\xaf\xe02lY@\xe0p\x00\x02=\x1b\t@\x14\x00\xb0\xa4\x14lY@`\x88\xd1\x14\xbf\x19\t@0\x00\xb0p*lY@\xc0\x17 \xd4\x7f\x16\t@',2025-03-05 09:58:45,2025-03-06 05:15:07,0,"[[101.685,3.14],[101.69,3.14],[101.69,3.136],[101.685,3.136]]",#FD7A00,https://s-tracker-file-storage-dev.s3.ap-southeast-1.amazonaws.com/geolayer/1741168723369.jpg,MTB
4,Qa testing layer,sam Tower,3,b'\x00\x00\x00\x00\x01\x03\x00\x00\x00\x01\x00\x00\x00\x06\x00\x00\x000\xff\xbfi\xe5kY@\xe0}U\x18\xac\x1d\t@0\xff\xbfi\xe5kY@@E\x1a_\xa7\x1b\t@t\xff\xbf\xd1\xe6kY@\x00\x10\xbf\xa5\xa2\x19\t@`\xff\xbfA\x1clY@\xa0\xd0\xe9P2\x19\t@<\xff\xbfq\x19lY@\x80s\xd0[I\x1e\t@0\xff\xbfi\xe5kY@\xe0}U\x18\xac\x1d\t@',2025-03-05 10:20:56,2025-03-06 05:03:05,0,"[[101.685,3.14],[101.69,3.14],[101.69,3.136],[101.685,3.136]]",#4a90e2,https://s-tracker-file-storage-dev.s3.ap-southeast-1.amazonaws.com/geolayer/1741170056628.png,MTB
5,DC Layer 125,DCM Buildings 25 APAD,#23(AS),b'\x00\x00\x00\x00\x01\x03\x00\x00\x00\x01\x00\x00\x00\x05\x00\x00\x00D\xff\xb7=\xeckY@@\xd2\xdd\xf7Y\x1b\t@l\xff\xb7\xe1\x0blY@@\xba/\x90g\x1c\t@p\xff\xb7\x81\x11lY@`\xed\x1f\xc7>\x19\t@p\xff\xb7q\x03lY@\xc0\xd8}>U\x19\t@D\xff\xb7=\xeckY@@\xd2\xdd\xf7Y\x1b\t@',2025-03-05 12:36:14,2025-03-06 05:02:59,0,"[[101.685,3.14],[101.69,3.14],[101.69,3.136],[101.685,3.136]]",#aba133,https://s-tracker-file-storage-dev.s3.ap-southeast-1.amazonaws.com/geolayer/1741178173625.jpg,MTB
6,Testing Layer,dfgh,3,b'\x00\x00\x00\x00\x01\x03\x00\x00\x00\x01\x00\x00\x00\x06\x00\x00\x00t\xff\xbf\xd1\xe6kY@\xa0\xfee~\xef\x1d\t@X\xff\xbf9\xe8kY@\xe0\xcc5\xa4\xf3\x1a\t@D\xff\xbf\xa9\x1dlY@\x00\x95\x92\x1b\n\x1b\t@`\xff\xbfA\x1clY@\xc0]\x85Jv\x1e\t@d\xff\xbf\x19\xf9kY@\xa0\xf0*\xd3_\x1e\t@t\xff\xbf\xd1\xe6kY@\xa0\xfee~\xef\x1d\t@',2025-03-05 13:05:50,2025-03-06 05:02:19,0,"[[101.685,3.14],[101.69,3.14],[101.69,3.136],[101.685,3.136]]",#FD7A00,https://s-tracker-file-storage-dev.s3.ap-southeast-1.amazonaws.com/geolayer/1741179950367.png,MTB
7,DC Layer23,SM Towers Guindy AP,2A45,"b""\x00\x00\x00\x00\x01\x03\x00\x00\x00\x01\x00\x00\x00\x05\x00\x00\x00\xa0\x16\x81WU\x0eT@\xe8\xa0\xb1[\xa2\x1b*@\xa0\x16\x81'X\x0eT@\xf0\x92\xa4\xef\x7f\x1a*@t\x16\x81\xbbi\x0eT@x\xd0\xd7tz\x1a*@t\x16\x81Sh\x0eT@x\xf6\x86S$\x1b*@\xa0\x16\x81WU\x0eT@\xe8\xa0\xb1[\xa2\x1b*@""",2025-03-06 05:31:27,2025-03-06 05:32:35,0,"[[80.2208944,13.0564944],[80.2308944,13.0564944],[80.2308944,13.046494399999998],[80.2208944,13.046494399999998]]",#FD7A00,https://s-tracker-file-storage-dev.s3.ap-southeast-1.amazonaws.com/geolayer/1741239087106.jpg,MTB
8,Test Layer Inwrks_HW_PTRY_1133,Inwrks _HW_PTRY_113345 hiki,5,b'\x00\x00\x00\x00\x01\x03\x00\x00\x00\x01\x00\x00\x00\x04\x00\x00\x00\xcc\x0b\xb8\xd2\x16\x11T@\xa8\n\x8dKQ+*@\xb8\x0b\xb8\x86\x17\x11T@\x88r8\xfa\x1a-*@\x9c\x0b\xb8J\x80\x11T@\x88r8\xfa\x1a-*@\xcc\x0b\xb8\xd2\x16\x11T@\xa8\n\x8dKQ+*@',2025-03-06 05:32:25,2025-03-07 05:26:09,0,"[[80.26518588036299,13.08869403771086],[80.27518588036298,13.08869403771086],[80.27518588036298,13.078694037710859],[80.26518588036299,13.078694037710859]]",#d0021b,https://s-tracker-file-storage-dev.s3.ap-southeast-1.amazonaws.com/geolayer/1741239145965.png,MTB
9,City Boundaries,Nexus Hub,06,b'\x00\x00\x00\x00\x01\x03\x00\x00\x00\x01\x00\x00\x00\x04\x00\x00\x00TvdL0\xfaS@\xd8\xaf*\x18\xaf+*@\x1c\xd8l\x0cR\xfaS@ \x9c\x1e\xb3\x93+*@4\xaba\x0c%\xfaS@@\xffv{E**@TvdL0\xfaS@\xd8\xaf*\x18\xaf+*@',2025-03-06 06:06:00,,0,"[[79.90843944508578,13.086089435137723],[79.91544455330398,13.086089435137723],[79.91544455330398,13.079608338548425],[79.90843944508578,13.079608338548425]]",#FD7A00,https://s-tracker-file-storage-dev.s3.ap-southeast-1.amazonaws.com/geolayer/1741241159253.jpg,MTB
10,Emerald Apartments,Majestic Palace Hotel,5,b'\x00\x00\x00\x00\x01\x03\x00\x00\x00\x01\x00\x00\x00\x05\x00\x00\x00\xb8r\xd4\x8cA\x0fT@8cp\xbb\x97\xe4)@DJ\xee\x9c\xa9\x0fT@\xe8\xdb\x81h\xfa\xe4)@DJ\xee\x9c\xa9\x0fT@\xf0\xff\x19+\xe1\xe2)@<\xe0\xd28;\x0fT@ \xaa\xed!\xec\xe2)@\xb8r\xd4\x8cA\x0fT@8cp\xbb\x97\xe4)@',2025-03-06 07:05:55,2025-03-10 06:43:27,0,"[[80.23474666371942,12.949535681041873],[80.24474666371941,12.949535681041873],[80.24474666371941,12.939535681041871],[80.23474666371942,12.939535681041871]]",#FD7A00,https://s-tracker-file-storage-dev.s3.ap-southeast-1.amazonaws.com/geolayer/1741244754971.jpg,MTB
11,Sunset Residency,Grand Avenue Plaza,4,b'\x00\x00\x00\x00\x01\x03\x00\x00\x00\x01\x00\x00\x00\x04\x00\x00\x00\xa4O\x04\r\xb5\x0fT@p>p\xdbE\xe7)@\xb4G\x07\x01\xc1\x0fT@\xe0\x13\xb5\xe4:\xe7)@\x98\xc9\x03\xf1\xb2\x0fT@H\xc2\x158\xd8\xe6)@\xa4O\x04\r\xb5\x0fT@p>p\xdbE\xe7)@',2025-03-06 07:10:55,,0,"[[80.24541990044503,12.953749314660318],[80.2485131669275,12.953125651190078],[80.24782931317787,12.949733850990793],[80.24473604669541,12.950357514461032]]",#FD7A00,https://s-tracker-file-storage-dev.s3.ap-southeast-1.amazonaws.com/geolayer/1741245055061.jpg,MTB
12,Sunrise Residency,Skyline Plaza,1,b'\x00\x00\x00\x00\x01\x03\x00\x00\x00\x01\x00\x00\x00\x05\x00\x00\x00\xd4\x83}\xca\x00lY@\xc0\xe7F\x05$\x0c\t@\x08\x80\x84\xea\x1clY@`\xca\xe1\xe2}\x0c\t@\xa42\x85\xba\x1flY@\xc08\x91\xd3\x08\n\t@\xd4\x83}\xca\x00lY@\xc0\x13Xm\xc5\t\t@\xd4\x83}\xca\x00lY@\xc0\xe7F\x05$\x0c\t@',2025-03-06 07:18:15,,0,"[[101.68568951593574,3.1336513539157806],[101.69068951593738,3.1336513539157806],[101.69068951593738,3.12965132964095],[101.68568951593574,3.12965132964095]]",#FD7A00,https://s-tracker-file-storage-dev.s3.ap-southeast-1.amazonaws.com/geolayer/1741245494183.jpg,MTB
13,Oceanview Towers,Infinity Business Center,15,b'\x00\x00\x00\x00\x01\x03\x00\x00\x00\x01\x00\x00\x00\x04\x00\x00\x00\xb4\xba\x0e\r\x00lY@\x80\x97\xc3L\xf5\x0e\t@\x04\x10\x16\x95\x1dlY@\x80\x97\xc3L\xf5\x0e\t@\xd4\x13\x0fu\x01lY@\xa0\x17\xd5NS\x0c\t@\xb4\xba\x0e\r\x00lY@\x80\x97\xc3L\xf5\x0e\t@',2025-03-06 07:22:11,,0,"[[101.68568951593574,3.1336513539157806],[101.69068951593738,3.1336513539157806],[101.69068951593738,3.12965132964095],[101.68568951593574,3.12965132964095]]",#FD7A00,https://s-tracker-file-storage-dev.s3.ap-southeast-1.amazonaws.com/geolayer/1741245730555.png,MTB
14,The Sapphire Suites,Infinity Business Center,8,b'\x00\x00\x00\x00\x01\x03\x00\x00\x00\x01\x00\x00\x00\x05\x00\x00\x00 \xc9\x85\xfe\x1blY@\xe0\x13\xdd</\x0c\t@\xd4\xdb\xecZ\xfdkY@\xe0\x93]\xee\xe3\x0b\t@\xd4\xdb\xecZ\xfdkY@\x80\xf3i\xf7\x0b\t\t@\xd8\xd9:\xb5 lY@ \xb3\xa1\xae\xbb\t\t@ \xc9\x85\xfe\x1blY@\xe0\x13\xdd</\x0c\t@',2025-03-06 07:24:52,2025-03-11 11:08:13,0,"[[101.68568951593574,3.1336513539157806],[101.69068951593738,3.1336513539157806],[101.69068951593738,3.12965132964095],[101.68568951593574,3.12965132964095]]",#FD7A00,https://s-tracker-file-storage-dev.s3.ap-southeast-1.amazonaws.com/geolayer/1741691196487.jpg,MTB
15,MG Layer 1_DC25A,Parry Building 1A@,2 Plot PB21,b'\x00\x00\x00\x00\x01\x03\x00\x00\x00\x01\x00\x00\x00\x07\x00\x00\x00\xf8\xd47\xb10\x0eT@\xd8\xb5H\xdc\t\xf3)@\x84\xdc5\xd32\x0eT@ \x19U\\\x07\xf3)@\x14\xe5\xd8\xb02\x0eT@H\x17!\x06\x01\xf3)@P\x04\xab\xf71\x0eT@`T|\xd6\x01\xf3)@ \xd7\xa2\xc91\x0eT@\xe0\x8aa\x88\xfa\xf2)@\xf8G\xdco0\x0eT@\xe8\xab\x1b`\xfc\xf2)@\xf8\xd47\xb10\x0eT@\xd8\xb5H\xdc\t\xf3)@',2025-03-07 08:42:44,2025-03-07 09:51:42,0,"[[80.22141134989761,12.974837112985753],[80.22217602926139,12.97471912977818],[80.22210894390327,12.974284333107576],[80.22134426453954,12.974402316317509]]",#FD7A00,https://s-tracker-file-storage-dev.s3.ap-southeast-1.amazonaws.com/geolayer/1741336964162.jpg,MTB
16,sdsf,sfa,1,"b'\x00\x00\x00\x00\x01\x03\x00\x00\x00\x01\x00\x00\x00\x05\x00\x00\x00\xc8M\x0b0\xdakY@`""\xae\xf9$\x17\t@t\x81\xbf6\xdckY@\x80J6\xa0\x90\x17\t@\xacq6\x8f\xdfkY@\x00\x08\x1eGv\x17\t@x\xcc\xefZ\xdckY@\xc0\xe3\xf5R\xfc\x16\t@\xc8M\x0b0\xdakY@`""\xae\xf9$\x17\t@'",2025-03-07 09:29:57,2025-03-11 07:19:53,0,"[[101.68510742892983,3.136682338805727],[101.68547018494331,3.1364835554376924],[101.68532377019386,3.1362163658943416],[101.68496101418037,3.136415149262561]]",#FD7A00,https://s-tracker-file-storage-dev.s3.ap-southeast-1.amazonaws.com/geolayer/1741677592739.jpg,MTB
17,Madras,chennai building,12,"b'\x00\x00\x00\x00\x01\x03\x00\x00\x00\x01\x00\x00\x00\x05\x00\x00\x00\x10-jq\xe7kY@\xa0\xa5\x9a\xf8\xca\x14\t@\xcc,\xea\x87\xe7kY@\xc0\x15\xd9w\x91\x17\t@\xe4,ju\x01lY@ \x82)<\x86\x17\t@ -j\xa2\x01lY@\xa0\xa5\x9a\xf8\xca\x14\t@\x10-jq\xe7kY@\xa0\xa5\x9a\xf8\xca\x14\t@'",2025-03-07 13:21:09,2025-03-11 07:19:06,0,"[[101.68555469678506,3.1365346552277487],[101.68795837999335,3.1365346552277487],[101.68795837999335,3.135059246683724],[101.68555469678506,3.135059246683724]]",#FD7A00,https://s-tracker-file-storage-dev.s3.ap-southeast-1.amazonaws.com/geolayer/1741677514594.png,MTB
18,TVS GL23#,MS Parrys Building,2 A3,b'\x00\x00\x00\x00\x01\x03\x00\x00\x00\x01\x00\x00\x00\x05\x00\x00\x00\x90\xab3\x05\xedkY@\xe0\x16\xf9\x83\xb3\x17\t@\xa8\x1a\xca\xe7\xf5kY@`\xae\x82\x12\xdc\x17\t@\xe4\x8d\xecJ\xf6kY@\xc0^\xe1\x95~\x17\t@\xa4`\xd0W\xedkY@ \xf1\x17\xe7\\\x17\t@\x90\xab3\x05\xedkY@\xe0\x16\xf9\x83\xb3\x17\t@',2025-03-10 07:32:51,2025-03-12 12:54:32,0,"[[101.68704757171827,3.136860842516768],[101.68713561271846,3.1362560644987667],[101.6862898094185,3.136132936085218],[101.68620176841841,3.1367377141026935]]",#7ed321,https://s-tracker-file-storage-dev.s3.ap-southeast-1.amazonaws.com/geolayer/1741591970676.jpg,MTB
19,GL MKB FTP (QA),Rojappar Mohal Build UD,2B UD,b'\x00\x00\x00\x00\x01\x03\x00\x00\x00\x01\x00\x00\x00\x05\x00\x00\x00\x84~\xf7x\xefkY@@;\xa0\xeaS\x17\t@\x14:\xdcN\xf1kY@\x80M_g]\x17\t@Pfl\xbd\xf1kY@ \x05Z!\x1a\x17\t@\xfc\x83\xc9\x86\xefkY@ do\xd4.\x17\t@\x84~\xf7x\xefkY@@;\xa0\xeaS\x17\t@',2025-03-10 09:27:18,2025-03-11 05:37:08,0,"[[101.68617173272101,3.136665363477132],[101.68703629664621,3.1368043789263766],[101.68710747304634,3.136361719148528],[101.68624290912113,3.1362227036992834]]",#FD7A00,https://s-tracker-file-storage-dev.s3.ap-southeast-1.amazonaws.com/geolayer/1741601514968.jpg,MTB
20,K layer SSS,Parry Building FTC,2B,b'\x00\x00\x00\x00\x01\x03\x00\x00\x00\x01\x00\x00\x00\x07\x00\x00\x00\xd0\x9erl\xeakY@ \x9fS\x9b\x8f\x17\t@\xc8\x9e\xf2c\xebkY@\xa0\x970~\xe1\x16\t@\xb0\x9e\xf2\xb1\xf7kY@\x00\x8a\xc2\x8c8\x17\t@\x88\x9e\xf2%\xedkY@\x80\x16O\xe4$\x17\t@\xb8\x9er\xda\xe5kY@\xa0X\xa9\xdd_\x17\t@\xb4\x9e\xf2\xd1\xe6kY@\x80\x16\x0c\x0c\xe1\x17\t@\xd0\x9erl\xeakY@ \x9fS\x9b\x8f\x17\t@',2025-03-11 06:58:09,2025-03-12 12:15:49,0,"[[101.68612881736749,3.136531453934694],[101.68699338129346,3.1366704694017216],[101.68706455769296,3.13622780956662],[101.68619999376835,3.1360887940994218]]",#FD7A00,https://s-tracker-file-storage-dev.s3.ap-southeast-1.amazonaws.com/geolayer/1741677711233.jpg,MTB
21,Iwrks Ground,Narayana Complex,0,"b'\x00\x00\x00\x00\x01\x03\x00\x00\x00\x01\x00\x00\x00\x07\x00\x00\x00\x90\xd9#\x7f\rlY@\x80\xfbh\xb4\x90\x1c\t@\xa0\xb8\xa5\x8d\x1elY@`\x1d\xae\x10\xe6\x1c\t@\x80[,\xffLlY@@{\x04\xab\xbe\x1c\t@t\x93\x90\xcaLlY@\x80\xda*\x8co\x18\t@\x9c\xa1\xbf\xb3\rlY@`\xb8\xd9\xf1\x96\x18\t@L\xf1\x18x\x0clY@\x80[\xdb\xa6\x06\x1a\t@\x90\xd9#\x7f\rlY@\x80\xfbh\xb4\x90\x1c\t@'",2025-03-11 07:47:19,,0,"[[101.68815293653978,3.1401481558624766],[101.69315351606463,3.1401481558624766],[101.69314364413947,3.1361472305870848],[101.68814306642935,3.1361472305870848]]",#FD7A00,https://s-tracker-file-storage-dev.s3.ap-southeast-1.amazonaws.com/geolayer/1741679237682.jpg,MTB
22,K layer SS,K Building SESs,89,b'\x00\x00\x00\x00\x01\x03\x00\x00\x00\x01\x00\x00\x00\t\x00\x00\x00\xa8\xffn\xb1P\x11T@\x98r\x92\xcf\xff**@\x98\xff\xee7Y\x11T@\x90\xfa\xeap\xfe**@x\xff\xeedY\x11T@\xd0\xfc\x07r\xcc**@\xb0\xff\xee\x89R\x11T@H\xfc\xaa\xde\xcf**@\xb0\xff\xee\x89R\x11T@\x80SIY\xd5**@\xa4\xff\xee\xd8N\x11T@p\x0b@u\xd9**@\x80\xffn\x95N\x11T@X\xb5> \xff**@\x98\xff\xee_O\x11T@\xd0\xb4\xd7\xa8\x06+*@\xa8\xffn\xb1P\x11T@\x98r\x92\xcf\xff**@',2025-03-11 09:19:04,2025-03-12 13:00:30,0,"[[80.26518588036299,13.08869403771086],[80.27518588036298,13.08869403771086],[80.27518588036298,13.078694037710859],[80.26518588036299,13.078694037710859]]",#FD7A00,https://s-tracker-file-storage-dev.s3.ap-southeast-1.amazonaws.com/geolayer/1741691388036.jpg,MTB
23,Jam,Jaipur,10,"b'\x00\x00\x00\x00\x01\x03\x00\x00\x00\x01\x00\x00\x00\x05\x00\x00\x00X\xc9d`1\x11T@\x98\x18A\x9f\x07**@\x10\xc1\xf7\\q\x11T@0\x05!\xa1\r**@^\xf8R""r\x11T@\xfc\x03)-\x9c(*@DP\xe3\xc56\x11T@\x88\xd2\xb7&\x87(*@X\xc9d`1\x11T@\x98\x18A\x9f\x07**@'",2025-03-12 10:42:43,,0,"[[80.26518588036299,13.08869403771086],[80.27518588036298,13.08869403771086],[80.27518588036298,13.078694037710859],[80.26518588036299,13.078694037710859]]",#FD7A00,https://s-tracker-file-storage-dev.s3.ap-southeast-1.amazonaws.com/geolayer/1741776162184.jpg,MTB
24,KLIA Departure,Main Terminal Building,5,"b'\x00\x00\x00\x00\x01\x03\x00\x00\x00\x01\x00\x00\x00\x05\x00\x00\x00\x98\xd3\x8ba\nmY@`g\xfc\xddq\x08\x06@\x1c\xeb\xc9\xf0\x19mY@ .;\xe5\xa2\t\x06@\xf89V\x08!mY@\xc0\xd7\xd1ZL\x08\x06@\x80U\xa0\xe3\x11mY@\x80"".>\x10\x07\x06@\x98\xd3\x8ba\nmY@`g\xfc\xddq\x08\x06@'",2025-03-13 03:24:45,2025-03-13 03:34:13,0,"[[101.70531326998781,2.7540803197163086],[101.70406112698544,2.7532670281497644],[101.70350996708947,2.7541155931345145],[101.70476211009708,2.7549288846990265]]",#9b9b9b,https://s-tracker-file-storage-dev.s3.ap-southeast-1.amazonaws.com/geolayer/1741836284771.png,MTB
25,RAMP AREA GEOLAYER RAMP AREA G,LAND AREALAND AREALAND AREALAN,Ground 341 FFFF,"b'\x00\x00\x00\x00\x01\x03\x00\x00\x00\x01\x00\x00\x00\x08\x00\x00\x00\x10*\x99\x92\xc1lY@\xa0\x8e_\xc0S""\x06@\xcc)\x19\xc8\xc0lY@\x10^\xd7)H!\x06@\x16*\x99/\xcalY@X\x19\x99+;!\x06@@*\x19\xf7\xcdlY@`\xea\x8c\xfc0!\x06@\xe0)Y\\\xcelY@`\xcb\xee-\\""\x06@\xcc)y\x9d\xc7lY@ \xcdy\xfe\xba""\x06@\xe6)Iv\xc4lY@\xa0-\xbf\x86\x97""\x06@\x10*\x99\x92\xc1lY@\xa0\x8e_\xc0S""\x06@'",2025-03-13 09:15:08,2025-03-14 05:59:04,0,"[[101.6989606572312,2.766986256125307],[101.70044966961662,2.7668761030764046],[101.7003750300225,2.7658670174753675],[101.69888601764218,2.765977170528786]]",#FD7A00,https://s-tracker-file-storage-dev.s3.ap-southeast-1.amazonaws.com/geolayer/1741857307454.png,MTB
26,MTB Ground level,Main Terminal ,1,"b'\x00\x00\x00\x00\x01\x03\x00\x00\x00\x01\x00\x00\x00\x12\x00\x00\x00\xa0&r{\x03mY@ \x8e{Rk\x08\x06@hs\\\xc5\x04mY@\xc0p\x0b\xdc:\x08\x06@HL\xf4*\tmY@\xe0\x0c\x99\\\x99\x08\x06@|vva\nmY@@\xb5\x9e>N\x08\x06@\x80\xed\xe2\xe1\x0cmY@\xc0\xbc!4\xe1\x07\x06@X\xac\x12B\x08mY@\xa0\xaa\x89\xf8\x89\x07\x06@\xd8n\\>\tmY@\xa0\xbe\xb4\x9fe\x07\x06@Lj\\\xb7\rmY@ Z\x03*\xb3\x07\x06@\xe8\xb8S\xcf\x11mY@\x80\x13\xc3\x1e\xc8\x06\x06@\xdc\x8c\xc4\xca\rmY@\x80\x11\xc5\x00}\x06\x06@\xcc,\xa6\xb3\x0emY@`|\xf7bQ\x06\x06@\xd8z\x9d\xcb\x12mY@\x80\xd6\xf5\x80\x9c\x06\x06@\x08u\x90v\x14mY@\xe0\nJ\xcfS\x06\x06@P!\xda\xcf+mY@`\xb1%\r%\x08\x06@\x042\xc0|$mY@\xc0opL\x16\n\x06@\xf8={\xa2)mY@\xe0\x9c\x9c\xc4\xd0\n\x06@x\x15\xb1\xe3&mY@\xc0I\xb7lI\x0b\x06@\xa0&r{\x03mY@ \x8e{Rk\x08\x06@'",2025-03-21 07:45:20,2025-03-24 07:37:48,0,"[[101.70633577570561,2.754253391632062],[101.70416285323375,2.7528500236250864],[101.70331490317693,2.7541629581429703],[101.70548782564879,2.7555663261488945]]",#FD7A00,https://s-tracker-file-storage-dev.s3.ap-southeast-1.amazonaws.com/geolayer/1742543117796.png,MTB
27,KUL,MTB,G1,"b'\x00\x00\x00\x00\x01\x03\x00\x00\x00\x01\x00\x00\x00\t\x00\x00\x008\x0b\x17\xec\x01mY@ \x9c\xda\x9de\x08\x06@d\xa3\x81\x1e&mY@\x802:x\x80\x0b\x06@\xc8\xa2\xdf\x0f)mY@\xa0\xcf\x00C\xe5\n\x06@T#\x1d\xf8 mY@\xa0\xd1\x94\x892\n\x06@\xdc\xd5\xa0\xb60mY@\x80\x8fl\x98\xb7\x07\x06@\xb0\x18t\xd1\x17mY@\x00\x90\xbeT\xb3\x05\x06@\xd4""3\x12\tmY@\xe0d\xe6-+\x08\x06@t\xdfT]\x04mY@ \xa2\xc9\xd3\xb2\x07\x06@8\x0b\x17\xec\x01mY@ \x9c\xda\x9de\x08\x06@'",2025-03-22 13:01:11,2025-03-25 13:01:52,0,"[[101.70662767892469,2.754013846147785],[101.70439051774986,2.752426020701236],[101.70320397431544,2.754097798386695],[101.70544113548874,2.7556856238336707]]",#e51919,https://s-tracker-file-storage-dev.s3.ap-southeast-1.amazonaws.com/geolayer/1742810141236.png,MTB
28,sv geo layer edit,2 x,32,"b'\x00\x00\x00\x00\x01\x03\x00\x00\x00\x01\x00\x00\x00\x05\x00\x00\x00\xc0x""\xc0\xd5mY@\x80r\xf3z<\x0b\x06@\xc4\xfa\xda9\xd4mY@\x00D\x1bJW\xfd\x05@Ht.\xdb!mY@\x00\xa7m\xfd\xc8\xfd\x05@Dp\xbd\xe7$mY@\xa0or5m\x0b\x06@\xc0x""\xc0\xd5mY@\x80r\xf3z<\x0b\x06@'",2025-03-27 11:02:04,2025-03-29 12:17:08,0,"[[101.70544113548874,2.7556856238336707],[101.71606762149918,2.7556856238336707],[101.71606762149918,2.748875816374536],[101.70544113548874,2.748875816374536]]",#FD7A00,https://s-tracker-file-storage-dev.s3.ap-southeast-1.amazonaws.com/geolayer/1743250626603.jpg,MTB
29,sv layes2 edit,sv edit,4edit,b'\x00\x00\x00\x00\x01\x03\x00\x00\x00\x01\x00\x00\x00\x05\x00\x00\x00\xe0Qy\xad\xd6kY@`\x88\x88sd\x1e\t@x\xe4\x86!\xd7kY@\x80X\xaa\r\x87\x16\t@\xac}cs+lY@\xa0\xe3\x00D\xab\x16\t@\x1c\xfc3\xdd)lY@\xe0t\xf5%\x97\x1e\t@\xe0Qy\xad\xd6kY@`\x88\x88sd\x1e\t@',2025-03-29 12:18:25,2025-03-29 12:19:55,0,"[[101.685,3.14],[101.69,3.14],[101.69,3.136],[101.685,3.136]]",#000000,https://s-tracker-file-storage-dev.s3.ap-southeast-1.amazonaws.com/geolayer/1743250793481.png,MTB
30,new chnage laeyer,ch,12,b'\x00\x00\x00\x00\x01\x03\x00\x00\x00\x01\x00\x00\x00\x05\x00\x00\x00\xec\x14\x96T\xf2kY@\x00\x8e\x93%\xb3\x1a\t@\xb4\x14\x96\xcd\xf1kY@`9\x81\x08\x05\x1a\t@\xc8\x14\x96k\xeakY@`9\x81\x08\x05\x1a\t@\xc4\x14\x166\xebkY@ \x9d-0\xc1\x1a\t@\xec\x14\x96T\xf2kY@\x00\x8e\x93%\xb3\x1a\t@',2025-03-31 05:34:44,,0,"[[101.68620973167651,3.138070783592255],[101.68664996812464,3.138070783592255],[101.68664996812464,3.137730391811644],[101.68620973167651,3.137730391811644]]",#FD7A00,https://s-tracker-file-storage-dev.s3.ap-southeast-1.amazonaws.com/geolayer/1743399280445.png,MTB
31,chennai,12,as,"b'\x00\x00\x00\x00\x01\x03\x00\x00\x00\x01\x00\x00\x00\t\x00\x00\x00\xe0/\xd1P_\x11T@\x00L\xcf\xa2c+*@\x0c0\xd1,V\x11T@\xc8\xb5.F\xa1+*@\xfc/Q$W\x11T@\x88\xbc/.\x1b,*@\x180\xd1o^\x11T@0\xae\xc8\x1b>,*@\x0c0\xd1Dk\x11T@0\x0c\xdb\xf17,*@\xe4/Q\xcep\x11T@\xc0\xd4\xd9\x98\xdf+*@\xe0/\xd10p\x11T@\xf0\xdc\xd8\x15\x81+*@\xfc/Q\x04h\x11T@`\xa7\x1d`f+*@\xe0/\xd1P_\x11T@\x00L\xcf\xa2c+*@'",2025-03-31 05:52:24,2025-03-31 06:52:49,0,"[[80.26910102147208,13.08581522347123],[80.26920102147209,13.08581522347123],[80.26920102147209,13.08565877148041],[80.26910102147208,13.08565877148041]]",#FD7A00,https://s-tracker-file-storage-dev.s3.ap-southeast-1.amazonaws.com/geolayer/1743400343124.png,MTB
32,Mte1,adjsde1,1e1,"b'\x00\x00\x00\x00\x01\x03\x00\x00\x00\x01\x00\x00\x00\x06\x00\x00\x00\x98\xb2<\xb9\xd4hY@\xc0<\xb6\x86\xecU\t@\x98\xb2<\n\xdehY@\x00\xadh\xde\xd8U\t@\xb8\xb2<\xbe\xdehY@\xa0q\xdfU""U\t@\xc4\xb2<\xa8\xd6hY@\xa0\x81\x8f\x98\xf2T\t@\xdc\xb2<r\xdfhY@@\xc7n\x87\x85S\t@\x98\xb2<\xb9\xd4hY@\xc0<\xb6\x86\xecU\t@'",2025-03-31 07:00:36,2025-04-01 11:16:29,0,"[[101.63757695050037,3.167084211886916],[101.6388281543035,3.167084211886916],[101.6388281543035,3.1655325150646405],[101.63757695050037,3.1655325150646405]]",#FD7A00,https://s-tracker-file-storage-dev.s3.ap-southeast-1.amazonaws.com/geolayer/1743506188684.png,MTB
33,MTB Real Image 1,MTB Builds,Ground Floor,"b""\x00\x00\x00\x00\x01\x03\x00\x00\x00\x01\x00\x00\x00\x05\x00\x00\x00\x90A\x9b\xaa\x15mY@\xa0\xb9\xd2O\xea\x05\x06@\xc8A\x9b\xee\rmY@@7\xa2jv\x07\x06@\xdcA\x1b('mY@`\xd6\x1c\xbf\x83\t\x06@\xdcA\x9b\xdb/mY@\xc0\x04\xbf\xf8\x1e\x08\x06@\x90A\x9b\xaa\x15mY@\xa0\xb9\xd2O\xea\x05\x06@""",2025-04-01 11:48:28,2025-04-03 15:21:11,0,"[[101.7066362088176,2.754156754948525],[101.70417664000729,2.7525221460376628],[101.70309546846056,2.7541489681156293],[101.70555503727093,2.755783577032531]]",#7ed321,https://s-tracker-file-storage-dev.s3.ap-southeast-1.amazonaws.com/geolayer/1743508095987.png,SAT
34,svla,s,s,"b'\x00\x00\x00\x00\x01\x03\x00\x00\x00\x01\x00\x00\x00\x05\x00\x00\x00\xb4@\x05\xed,mY@@\xf2F\r\xfb\t\x06@\x9c@\x05O4mY@\x80C_\x929\x08\x06@\xb4@\x05\xd5\x17mY@\x00/\xb5*E\x07\x06@\xac@\x05\x92\x0fmY@`\x98\x88\x1dX\t\x06@\xb4@\x05\xed,mY@@\xf2F\r\xfb\t\x06@'",2025-04-02 05:38:32,,0,"[[101.7066362088176,2.754156754948525],[101.70417664000729,2.7525221460376628],[101.70309546846056,2.7541489681156293],[101.70555503727093,2.755783577032531]]",#FD7A00,https://s-tracker-file-storage-dev.s3.ap-southeast-1.amazonaws.com/geolayer/1743572311022.jpg,MTB
35,scd,asc,asc,b'\x00\x00\x00\x00\x01\x03\x00\x00\x00\x01\x00\x00\x00\x05\x00\x00\x00\x84Am.\x0bmY@@\xd0\xd3\xa2\xd7\x08\x06@dA\xed\x81\x19mY@\x80\x94\x1b\x91\xb5\t\x06@\x88Am\xef\x1cmY@\xa0\xea\xce\xec\xb5\x08\x06@HA\xed\x9b\x0emY@ \xecX\n\xe6\x07\x06@\x84Am.\x0bmY@@\xd0\xd3\xa2\xd7\x08\x06@',2025-04-02 05:45:10,2025-04-02 12:55:47,0,"[[101.7066362088176,2.754156754948525],[101.70417664000729,2.7525221460376628],[101.70309546846056,2.7541489681156293],[101.70555503727093,2.755783577032531]]",#286AD4,https://s-tracker-file-storage-dev.s3.ap-southeast-1.amazonaws.com/geolayer/1743586643807.png,MTB
36,layer,build,2,b'\x00\x00\x00\x00\x01\x03\x00\x00\x00\x01\x00\x00\x00\x08\x00\x00\x00T\x0c\x92\x1f\nmY@ \x85\xdc\xa6\x8b\x06\x06@h\xed\xd3F\x00mY@@z\xee\xadg\x08\x06@ \xde\x897$mY@\xe0oR}?\x0b\x06@\xf8\x87\x8a\x821mY@\x80@!\x98[\t\x06@\x08\xfdG\x10.mY@`l\t\x1b\x9b\x07\x06@\x08/\xadj\x1fmY@`\x00\x87R\x9f\x06\x06@\xc8\xe5.?\x12mY@@\xdd\xdc\xa3P\x06\x06@T\x0c\x92\x1f\nmY@ \x85\xdc\xa6\x8b\x06\x06@',2025-04-03 14:47:07,,0,"[[101.7066362088176,2.754156754948525],[101.70417664000729,2.7525221460376628],[101.70309546846056,2.7541489681156293],[101.70555503727093,2.755783577032531]]",#286AD4,https://s-tracker-file-storage-dev.s3.ap-southeast-1.amazonaws.com/geolayer/1743671942879.png,MTB
37,victor layer,victor building,v1,b'\x00\x00\x00\x00\x01\x03\x00\x00\x00\x01\x00\x00\x00\n\x00\x00\x00p\xfd\x90\x15)mY@\xe0\xc4\xdb\xc4\x94\x0b\x06@\xccmG_8mY@\x00\xcc\x06\xa3\x83\x08\x06@p\x00\xc8\xe9\x0cmY@@\x99\x04P\xe0\x05\x06@\x1cK\xa8_\x00mY@@\x81\x0e9R\x08\x06@\xf8\x16\xadL\x14mY@\xa0B\x82\x18|\x07\x06@\x08\xd4\xc0\xc8\x13mY@\xe0^`\x9c\xb1\t\x06@\xec|/C\x1emY@`%\x8c\x8a\xba\x08\x06@\xdc+\x15\xf3\x1emY@`\xa4\xab\xc6q\n\x06@P\xefbI*mY@\x80\x9b\xf6v\xe6\x08\x06@p\xfd\x90\x15)mY@\xe0\xc4\xdb\xc4\x94\x0b\x06@',2025-04-03 14:49:16,,0,"[[101.7066362088176,2.754156754948525],[101.70417664000729,2.7525221460376628],[101.70309546846056,2.7541489681156293],[101.70555503727093,2.755783577032531]]",#FD7A00,https://s-tracker-file-storage-dev.s3.ap-southeast-1.amazonaws.com/geolayer/1743672073971.png,MTB
38,victor layer,victor Building,v1,"b'\x00\x00\x00\x00\x01\x03\x00\x00\x00\x01\x00\x00\x00\t\x00\x00\x00\xa8\xe9x[\x12mY@`\x92\x90XB\x05\x06@\xf0\x0c\x89E\x05mY@\x80\x81n:\xac\x07\x06@\xe0\x068:!mY@`\xbe\xb1v\x00\x06\x06@\xa8\xe9x[\x12mY@ |\x0b\xe6\xbf\x08\x06@\xdcv\xceV+mY@\x80\xb5\xe8\xb2|\x07\x06@\xe8\x89\xe0?\x13mY@\xc0\x90\xac\xb8\xca\n\x06@\x141\xb8\xf63mY@ b&""<\n\x06@D\x08B\xae\x0fmY@@\xad2m\x17\x0c\x06@\xa8\xe9x[\x12mY@`\x92\x90XB\x05\x06@'",2025-04-03 14:52:03,2025-04-03 15:22:47,0,"[[101.7066362088176,2.754156754948525],[101.70417664000729,2.7525221460376628],[101.70309546846056,2.7541489681156293],[101.70555503727093,2.755783577032531]]",#000000,https://s-tracker-file-storage-dev.s3.ap-southeast-1.amazonaws.com/geolayer/1743672240443.png,CP
39,layer Mtb,Building mt,m1,"b'\x00\x00\x00\x00\x01\x03\x00\x00\x00\x01\x00\x00\x00\x05\x00\x00\x00\x08.\x90G\xe2kY@\xc0\x88\xd4x\xa4$\t@\xf0\x9bq\xe9\xe0kY@\x80""\xe1\xcc\xa4\x1d\t@\xa4\x93XY\x95kY@ \xc7[\xf3\x8e\x1d\t@T\xb8*L\x93kY@\xc0\xeeV\xb8\x11%\t@\x08.\x90G\xe2kY@\xc0\x88\xd4x\xa4$\t@'",2025-04-03 15:24:01,2025-04-07 05:27:33,0,"[[101.685,3.14],[101.69,3.14],[101.69,3.136],[101.685,3.136]]",#000000,https://s-tracker-file-storage-dev.s3.ap-southeast-1.amazonaws.com/geolayer/1743674160188.png,MTB
40,FKP-1,FKP Building,3,"b""\x00\x00\x00\x00\x01\x03\x00\x00\x00\x01\x00\x00\x00\t\x00\x00\x000\xd7\xd3\xcb\x12rY@\xc0:\xb6\x8eq\xba\x06@\x00\x83\x1bq\x16rY@\xe0\t\x8e>'\xbb\x06@\x1871Z\x13rY@\x80q\x9a\xd91\xbc\x06@\x80\x157\xe8\x1erY@\xa0\xd92\x9e\x92\xbc\x06@\xec\x16\xa8K\x18rY@ \xad\x89|\xeb\xbc\x06@\xcc~\xd3\x1d\x12rY@\xe0\xd0(\xa3\xdf\xbc\x06@\x18wCw\trY@\x807\x91\xde~\xbc\x06@\x0c\x90o\xa5\x04rY@\x00W6g\x06\xbc\x06@0\xd7\xd3\xcb\x12rY@\xc0:\xb6\x8eq\xba\x06@""",2025-04-07 06:40:37,2025-04-07 08:26:35,0,"[[101.78151304904986,2.8422555623446755],[101.78314608519543,2.8422555623446755],[101.78314608519543,2.841033357612986],[101.78151304904986,2.841033357612986]]",#F57729,https://s-tracker-file-storage-dev.s3.ap-southeast-1.amazonaws.com/geolayer/1744014392602.png,MTB
41,test,MTB Building,12b,b'\x00\x00\x00\x00\x01\x03\x00\x00\x00\x01\x00\x00\x00\x05\x00\x00\x00\x04+z\xff`lY@@\x9a\x17\xe8G\x0e\t@h\x92\x9e8alY@`\xf3W\x14\xef\r\t@`\xcc\x9d\xa3flY@`\x98\xc0k\x06\x0e\t@\xc0\xaf\x15`flY@ \xc3\xb6\xd1V\x0e\t@\x04+z\xff`lY@@\x9a\x17\xe8G\x0e\t@',2025-04-08 06:13:47,,0,"[[101.69392125796395,3.1315826677005894],[101.6933759574645,3.131525929082916],[101.69332889528027,3.1319782318285214],[101.69387419577973,3.132034970446195]]",#FD7A00,https://s-tracker-file-storage-dev.s3.ap-southeast-1.amazonaws.com/geolayer/1744092826386.png,MTB
42,victorlaerdc,sd,sd,b'\x00\x00\x00\x00\x01\x03\x00\x00\x00\x01\x00\x00\x00\x06\x00\x00\x00\xb4\xf1\xa5\x90`lY@  x1R\r\t@|\xf1\xa5\xa1^lY@\xa0\xd68H;\x0e\t@\x84\xf1%\xb7nlY@`\xb9\x15?\xfa\x0e\t@\xc0\xf1\xa5snlY@ \xc3\xc8\xcc\xdb\r\t@\x8c\xf1%\x8anlY@ (%\xeb8\r\t@\xb4\xf1\xa5\x90`lY@  x1R\r\t@',2025-04-08 07:16:28,,0,"[[101.69392125796395,3.1315826677005894],[101.6933759574645,3.131525929082916],[101.69332889528027,3.1319782318285214],[101.69387419577973,3.132034970446195]]",#000000,https://s-tracker-file-storage-dev.s3.ap-southeast-1.amazonaws.com/geolayer/1744096584434.jpg,MTB
43,CP Building Area,Victor > CP,5A,b'\x00\x00\x00\x00\x01\x03\x00\x00\x00\x01\x00\x00\x00\r\x00\x00\x00\xa8p\xeeX\xa0lY@\x00\xdbdZ\xce\x16\t@\x98*\x07C\xa2lY@ \x1a\x1a\xef\x13\x17\t@\x14=\x97\x81\xa3lY@\xc0\xd2\x9e\x86\xf1\x16\t@\x10\x11\xd4\x7f\xa4lY@ Y\xf9P\x14\x17\t@\x84\x9cf\xef\xa5lY@ \xd4\xd2\x8bG\x17\t@\xa4\xc8\x1aB\xa6lY@@\x90\x9d1B\x17\t@\xa4A\x1ds\xa6lY@@W\x14\xc8F\x17\t@\\\xcd\xbe\x91\xa6lY@\x80Q\xbe\xcfA\x17\t@\\F\xc1\xc2\xa6lY@\xa0\xad\xcc\x9aJ\x17\t@\x08M7:\xa7lY@@\xe7\x82\x84?\x17\t@8\x0c\x12\xd2\xa6lY@`\xc4\x80\x9b0\x17\t@\x08\xbbL\xb1\xa2lY@\xc0\x16|T\x92\x16\t@\xa8p\xeeX\xa0lY@\x00\xdbdZ\xce\x16\t@',2025-04-08 10:32:46,2025-04-08 10:46:08,0,"[[101.69757166047899,3.136473158098477],[101.69798908779212,3.1361177339581356],[101.69769428061434,3.1357714975488284],[101.69727685330099,3.1361269216844105]]",#286AD4,https://s-tracker-file-storage-dev.s3.ap-southeast-1.amazonaws.com/geolayer/1744108353829.png,CP
44,CP Layer -002,DUP GROUND FLOOR,001,"b'\x00\x00\x00\x00\x01\x03\x00\x00\x00\x01\x00\x00\x00\x07\x00\x00\x00\x1c_\xf4\x8a\xeckY@@\x1d\x9f\xde\x9c\x17\t@\xf4sn\xac\xedkY@\xa06\xdcy\xa4\x17\t@T\xe4\xfd\xf0\xedkY@\xa0\xae\xaaq~\x17\t@\xf8t\x8c\xe1\xf2kY@\xc0\x1e\x13T\xa7\x17\t@\xc4A\x15\xc6\xf3kY@`,\xd9\xac,\x17\t@0~\xb9~\xedkY@`\xdai\t\xff\x16\t@\x1c_\xf4\x8a\xeckY@@\x1d\x9f\xde\x9c\x17\t@'",2025-04-15 02:06:29,,0,"[[101.68671401677477,3.136630523452979],[101.68679400783236,3.136274340828834],[101.68636698822456,3.136178441325157],[101.68628699716874,3.136534623948137]]",#FD7A00,https://s-tracker-file-storage-dev.s3.ap-southeast-1.amazonaws.com/geolayer/1744682789425.png,MTB
45,MTB Ground  Layer,Ground Area Floor,G1,"b""\x00\x00\x00\x00\x01\x03\x00\x00\x00\x01\x00\x00\x00\t\x00\x00\x00`\xdf\x18\x00\x02mY@\x80\xd6\xd9Tk\x08\x06@H\x00V\x9e&mY@\x00\x93&\x04\x81\x0b\x06@\xf0}J\xcf*mY@@\xbbP\xd9\xde\n\x06@H\xe1~\x8b!mY@\xe0\xac~z \n\x06@\x18\xfb>\x00/mY@@>\xfb\xf5\xac\x07\x06@D\xb2\xfc\x12\x16mY@\xe0#D'\x9c\x05\x06@PGK-\x08mY@\x80\xea\xe7\xc5\x1d\x08\x06@<r\xcf4\x04mY@@\xbb\xf7\x1c\xc2\x07\x06@`\xdf\x18\x00\x02mY@\x80\xd6\xd9Tk\x08\x06@""",2025-04-15 05:37:06,2025-04-15 06:25:27,0,"[[101.70664572309465,2.7539640297619457],[101.70431060174838,2.7523810770390327],[101.70311415700053,2.7541460351783087],[101.7054492783468,2.75572898790071]]",#286AD4,https://s-tracker-file-storage-dev.s3.ap-southeast-1.amazonaws.com/geolayer/1744695427041.png,MTB
46,MTB Arrival Layer,Arrival Floor Area,2,"b""\x00\x00\x00\x00\x01\x03\x00\x00\x00\x01\x00\x00\x00\x08\x00\x00\x00\xb8e\x88\x7f\x01mY@\xe0\x11\xce\x142\x08\x06@\x88\x94\x8dT'mY@`\xb2\xe1;s\x0b\x06@\x10q\xfd9*mY@\xc0P\xe5\x96\xe2\n\x06@|\xd9\x04\xb8!mY@ \rv\xdf\x1d\n\x06@\x18,\x86\xd6/mY@\xc0\t\xc5o\xa1\x07\x06@\xd0e\x9cP\x16mY@\x00\xe6+\xb7\x98\x05\x06@P0\xb0\xd7\x05mY@@\xe28\xde\x88\x08\x06@\xb8e\x88\x7f\x01mY@\xe0\x11\xce\x142\x08\x06@""",2025-04-15 06:00:14,2025-04-15 06:24:57,0,"[[101.70663160247318,2.7541245741417555],[101.70420219332772,2.7524892542818264],[101.70314595752876,2.75405838547033],[101.70557536667422,2.755693705331467]]",#f5a623,https://s-tracker-file-storage-dev.s3.ap-southeast-1.amazonaws.com/geolayer/1744696813897.png,MTB
47,MTB Departure Layer,Departure FLOOR AREA,57,b'\x00\x00\x00\x00\x01\x03\x00\x00\x00\x01\x00\x00\x00\x07\x00\x00\x00\x0c\xa5\xc2\x92\x0cmY@\x00R\xb5\xa4\xa8\x08\x06@\xec@0\xc4!mY@@\x92\xce\x0c\x82\n\x06@\xa4\xb1m\xc5.mY@\x80\x17\xed\x89\x12\x08\x06@\x88\x85\xe9\xe61mY@\xe0j\x8d\xb9@\x08\x06@\xc8\xf7z\x963mY@ \xeb\x993\xe8\x07\x06@4W\x9c\x8a\x1amY@@t\xc4\x18\x07\x06\x06@\x0c\xa5\xc2\x92\x0cmY@\x00R\xb5\xa4\xa8\x08\x06@',2025-04-15 06:24:12,2025-05-26 12:33:00,0,"[[101.7036905634626,2.7542960583106435],[101.70528037811579,2.7553441236058376],[101.70619137290998,2.7539622575586264],[101.70460155826407,2.752914192264967]]",#000000,https://s-tracker-file-storage-dev.s3.ap-southeast-1.amazonaws.com/geolayer/1744698249608.png,CP
48,USIM,Parking FKP,1,b'\x00\x00\x00\x00\x01\x03\x00\x00\x00\x01\x00\x00\x00\t\x00\x00\x00\xe0\x95\x8c\x11\x16rY@`oB\xa8+\xbb\x06@\xb8\x94q\x87\x12rY@@\xa4t\xb5[\xba\x06@\x10\x1f_D\x04rY@ \x83\x0b\x9b\xfb\xbb\x06@x\xc2M\xe6\x08rY@`\xdb\xd5\xa7\x94\xbc\x06@\xd8_1\x02\x12rY@\x80\xd0\xcf\xc2\x0f\xbd\x06@\x0c\x8bSy\x17rY@@q\x14\xbe\x19\xbd\x06@\xf8\x01C0\x1erY@ \x1b\xa4\x99\xb2\xbc\x06@\x8c\xab\xfeA\x13rY@`\xb7\x89(9\xbc\x06@\xe0\x95\x8c\x11\x16rY@`oB\xa8+\xbb\x06@',2025-04-17 06:00:41,2025-04-17 06:01:01,1,"[[101.78153209278298,2.8423392932575524],[101.7830962243292,2.8423392932575524],[101.7830962243292,2.8409942857554853],[101.78153209278298,2.8409942857554853]]",#FD7A00,https://s-tracker-file-storage-dev.s3.ap-southeast-1.amazonaws.com/geolayer/1744869639951.png,MTB
49,Taman Warisan Puteri,Nik House,1,"b""\x00\x00\x00\x00\x01\x03\x00\x00\x00\x01\x00\x00\x00\x05\x00\x00\x00 /_\xafm~Y@ \xde}\xcc\x80\xfe\x05@h(E\x1fp~Y@\xe0'\xf21\xb4\xfe\x05@\x08R\xd3!r~Y@\x80!\xb9\xe62\xfe\x05@\xc0X\xed\xb1o~Y@`\x08\xdaN\x00\xfe\x05@ /_\xafm~Y@ \xde}\xcc\x80\xfe\x05@""",2025-04-30 12:18:44,,0,"[[101.9754444227691,2.7493676208023743],[101.97571790477895,2.7493676208023743],[101.97571790477895,2.7490243738337483],[101.9754444227691,2.7490243738337483]]",#FD7A00,https://s-tracker-file-storage-dev.s3.ap-southeast-1.amazonaws.com/geolayer/1746015522495.png,MTB
50,USIM-2,FKP Building,Ground,b'\x00\x00\x00\x00\x01\x03\x00\x00\x00\x01\x00\x00\x00\x05\x00\x00\x00\xc0\xa61\xa8\x1crY@\xe0(b\xcf]\xbb\x06@\x98\x144\r#rY@\x80\x8f\x07<\x0b\xbb\x06@0\xc0\xc4\xe1\x1brY@`\xc3_\xb6Y\xb9\x06@D\xc5\xf8\xdf\x15rY@\x00\xf2\xa5\xac\xb8\xb9\x06@\xc0\xa61\xa8\x1crY@\xe0(b\xcf]\xbb\x06@',2025-05-06 04:12:21,,0,"[[101.78297377045749,2.841564737629909],[101.78337560821285,2.841386124731656],[101.7829731692658,2.8404807295010954],[101.78257133151226,2.840659342399718]]",#FD7A00,https://s-tracker-file-storage-dev.s3.ap-southeast-1.amazonaws.com/geolayer/1746504741112.png,MTB
51,USIM-3,FKP Building - 3,Third Floor,"b'\x00\x00\x00\x00\x01\x03\x00\x00\x00\x01\x00\x00\x00\x08\x00\x00\x00(\x0b\x02\x9a\x10rY@@LbK""\xbc\x06@\xf0\x0fJP\x1erY@\xe0\x01d\xcf\xa7\xbc\x06@\xd4\xbeO\x8a""rY@\xe0\xfd\xe4\xca{\xbb\x06@`\xdcT,\x1brY@\x00m\x1b\xa0\xac\xb9\x06@\xfc\xb7\xe8\x96\x11rY@\xc0\xaa\xdb\x90;\xba\x06@l\xfbp\x85\x15rY@\xe0\x04\xea\xe4+\xbb\x06@\xdc\xc8\x8a\x92\x12rY@`Y9H\x8d\xbb\x06@(\x0b\x02\x9a\x10rY@@LbK""\xbc\x06@'",2025-05-06 06:39:06,,0,"[[101.78215008006282,2.8420969725535628],[101.78336329821826,2.8420969725535628],[101.78336329821826,2.8406606553682536],[101.78215008006282,2.8406606553682536]]",#FD7A00,https://s-tracker-file-storage-dev.s3.ap-southeast-1.amazonaws.com/geolayer/1746513545975.png,MTB
52,USIM-4,FKP,3,b'\x00\x00\x00\x00\x01\x03\x00\x00\x00\x01\x00\x00\x00\x0b\x00\x00\x00<\xf3\xaa\x14\x12rY@ m3\x845\xbc\x06@\x04\xad\xec\xce\x1erY@\xe0\x86\x8f\n\xb2\xbc\x06@\xe8\x1d6k#rY@\xa0\xf3\xba\x80t\xbb\x06@\xb02}n\x1brY@\xa0\xc0vp\xba\xb9\x06@P\xc3.M\x11rY@\xc0\xdc%\x05T\xba\x06@P\xf8\x1c\xf0\x14rY@@\x86\xb4\xc9)\xbb\x06@p\x98$a\x13rY@@w|.\x87\xbb\x06@P\xc3.M\x11rY@@w|.\x87\xbb\x06@\xc0\xd83C\x10rY@\xa0&\x0fK\xc1\xbb\x06@\x88h\xa8\x99\x12rY@\xe0\xfc\tF\xdc\xbb\x06@<\xf3\xaa\x14\x12rY@ m3\x845\xbc\x06@',2025-05-07 05:11:29,2025-05-07 05:12:39,0,"[[101.78226344200198,2.8420873035364167],[101.78340603116277,2.8420873035364167],[101.78340603116277,2.8407013983231195],[101.78226344200198,2.8407013983231195]]",#FD7A00,https://s-tracker-file-storage-dev.s3.ap-southeast-1.amazonaws.com/geolayer/1746594689220.png,MTB
53,FKP,FKP Building,3,"b""\x00\x00\x00\x00\x01\x03\x00\x00\x00\x01\x00\x00\x00\n\x00\x00\x00\x10\x8d\xbdi\x1frY@\xe0\xe1\xe1z\xa5\xbc\x06@\x04\xce\x8a>#rY@\x002k\xc5~\xbb\x06@pCrg\x1brY@\x00\x0b\x052\xbe\xb9\x06@XI!\xcb\x11rY@\x00i<'b\xba\x06@\x04\xd0o]\x15rY@\x80K|\xd85\xbb\x06@$\x8852\x14rY@`\x1dD=\x93\xbb\x06@\xf8\xbe\x1eP\x12rY@\x00\xcbm\xc9\x86\xbb\x06@\xc0v\xe4$\x11rY@\xa0\xfa93\xc9\xbb\x06@H(=\xa3\x12rY@\x80\xce\x0fY;\xbc\x06@\x10\x8d\xbdi\x1frY@\xe0\xe1\xe1z\xa5\xbc\x06@""",2025-05-07 07:25:28,2025-06-04 03:26:26,1,"[[101.78230843486176,2.842098872078026],[101.78339374207496,2.842098872078026],[101.78339374207496,2.8407336048818337],[101.78230843486176,2.8407336048818337]]",#FD7A00,https://s-tracker-file-storage-dev.s3.ap-southeast-1.amazonaws.com/geolayer/1746602727635.png,MTB
54,Alps ,Zone A,1,b'\x00\x00\x00\x00\x01\x03\x00\x00\x00\x01\x00\x00\x00\x06\x00\x00\x00l\x85\xb3+KtY@\xa0\xf1F\t\x9b\xaa\x06@l\x85\xb3\x95YtY@@vQ\x90\x84\xaa\x06@\x80\x853DXtY@\xc0\xaf[.&\xa7\x06@\xcc\x853@>tY@\xc0BS\xa7<\xa7\x06@\xb8\x85\xb3d?tY@\x00\xb2\x1d\xb3\xae\xaa\x06@l\x85\xb3+KtY@\xa0\xf1F\t\x9b\xaa\x06@',2025-05-14 03:45:41,2025-07-01 05:04:17,0,"[[101.81456424777326,2.8343221945427644],[101.81946746757217,2.8343221945427644],[101.81946746757217,2.831012300880502],[101.81456424777326,2.831012300880502]]",#FD7A00,https://s-tracker-file-storage-dev.s3.ap-southeast-1.amazonaws.com/geolayer/1747194338968.png,SAT
55,Car Parking Area,SM Tower,5,"b'\x00\x00\x00\x00\x01\x03\x00\x00\x00\x01\x00\x00\x00\x07\x00\x00\x00<\x00\x00\x19\xd8kY@\xa0)\xc7\x13\xd4\x16\t@p\x00\x00\xa0\xd8kY@\xc0\xb2\x8c\x03\xec\x19\t@\x14\x00\x00\x91\xe7kY@ hx\xd2\xee\x19\t@X\x00\x00\xeb\xe7kY@@\x85\xb5hk\x1e\t@\x1c\x00\x80\x0b)lY@\x00\x1d\x8c\x06q\x1e\t@D\x00\x00"")lY@`\xf1\r\xdc\x11\x17\t@<\x00\x00\x19\xd8kY@\xa0)\xc7\x13\xd4\x16\t@'",2025-05-26 12:29:14,,0,"[[101.685,3.14],[101.69,3.14],[101.69,3.136],[101.685,3.136]]",#FD7A00,https://s-tracker-file-storage-dev.s3.ap-southeast-1.amazonaws.com/geolayer/1748262553225.jpeg,CP
56,Test 28/5,Building1,2,"b'\x00\x00\x00\x00\x01\x03\x00\x00\x00\x01\x00\x00\x00\x05\x00\x00\x00\x08""+2)lY@\xc0\xc9\x9a\x9f\x82-\t@\x08""+2)lY@ \xe3y[m+\t@\xc0\xcb\xb7\x8e\x1alY@`\xf0""Vp+\t@\xdc\x06d\xca\x1alY@\xc0\xa5C\x9a\x85-\t@\x08""+2)lY@\xc0\xc9\x9a\x9f\x82-\t@'",2025-05-28 07:32:59,,0,"[[101.68913397309137,3.147224538524185],[101.69001315841052,3.147224538524185],[101.69001315841052,3.146213797717081],[101.68913397309137,3.146213797717081]]",#FD7A00,https://s-tracker-file-storage-dev.s3.ap-southeast-1.amazonaws.com/geolayer/1748417578813.png,MTB
57,MTB Departure Layer,Main Terminal Building,5,"b'\x00\x00\x00\x00\x01\x03\x00\x00\x00\x01\x00\x00\x00\x05\x00\x00\x00\x00\x87\x02z\x15mY@\x80.\x82z\x82\x05\x06@X\xa19\xd12mY@\x80\x99\xe5\x92\xef\x07\x06@8\xd6P\xbf""mY@ -\x0fc\x16\x0b\x06@\xbc\xc2#\x9f\x04mY@@\xcd87\xa4\x08\x06@\x00\x87\x02z\x15mY@\x80.\x82z\x82\x05\x06@'",2025-05-29 06:33:38,2025-10-21 02:32:40,1,"[[101.70629771935262,2.75379534366256],[101.7044959564646,2.752623801999931],[101.7034391806443,2.7542490619299116],[101.70524094354664,2.7554206035933078]]",#FD7A00,https://s-tracker-file-storage-dev.s3.ap-southeast-1.amazonaws.com/geolayer/1761013960692.png,MTB
58,Ap Geolayer,SM Tower,5,b'\x00\x00\x00\x00\x01\x03\x00\x00\x00\x01\x00\x00\x00\x08\x00\x00\x00\x9c\xde\xaf\xbe\x04mY@\x00P\xf1\xd0\x91\x08\x06@\xbc\xef\x1c\x8c$mY@\x00!PF/\x0b\x06@D\x9f\xd9\x0f+mY@@\xd1\xe0\xd0\xf5\t\x06@\x10B\xa4\t%mY@\xa0\x1b\xf7yo\t\x06@\xf4C9\xcb-mY@\xa0F\xce\xb8\xa6\x07\x06@\xf8\\\xab]\x14mY@@%\x87\x14\x94\x05\x06@82{=\x0cmY@`\x8b\xf4\xd0-\x07\x06@\x9c\xde\xaf\xbe\x04mY@\x00P\xf1\xd0\x91\x08\x06@',2025-05-30 10:28:08,2025-10-03 04:38:40,1,"[[101.70631822442247,2.754008550134489],[101.70437936402736,2.7527353664382668],[101.7034066666487,2.754216632724632],[101.70534552704385,2.7554898164219064]]",#FD7A00,https://s-tracker-file-storage-dev.s3.ap-southeast-1.amazonaws.com/geolayer/1748600886731.jpeg,MTB
59,LatLong Test1,Velachery Phoenix Mall,6,"b'\x00\x00\x00\x00\x01\x03\x00\x00\x00\x01\x00\x00\x00\x0e\x00\x00\x00\xa0\xf0\x19u\xdd\rT@\x90\xca\xb9a\x93\xfb)@\xa0\xf0\x99\xd5\xfc\rT@H\xde\x87\xcc\x1a\xfb)@\xb4\xf0\x19F\xfd\rT@\xc8h\x03\xce\xd0\xfa)@\xd4\xa8\xa8m\xfa\rT@\xd8\x1aC\xd0\xb0\xfa)@\xb4\xf0\x99\xef\xf1\rT@\x90\xea+""\xaa\xfa)@\xbc\xcfa\x92\xea\rT@\x08\x16\xd8\xdd\xb3\xfa)@\xb0\\\x9d\xbc\xe7\rT@La\xaa\xd1\x98\xfa)@tL\x01\x0e\xe4\rT@pm\xad\xfc\xa0\xfa)@~B\xc6\xac\xdb\rT@\x02NQT\xb2\xfa)@\xa8\xf0Y\x1e\xd6\rT@\x9c\x84\xec\xc6\xcf\xfa)@\xa8\xf0\x19m\xd6\rT@(\xb4\x04\xce\xd0\xfa)@\x8b\xf0\x19\x8f\xd2\rT@\xd0\xbc\x84\xd7\t\xfb)@\x92\xf0\x19\x16\xd3\rT@\xb0~\xb3\x86N\xfb)@\xa0\xf0\x19u\xdd\rT@\x90\xca\xb9a\x93\xfb)@'",2025-06-06 05:41:41,2025-06-19 06:20:31,1,"[[80.21720953193727,12.990306846348773],[80.21854256733866,12.990306846348773],[80.21854256733866,12.98979434974325],[80.21720953193727,12.98979434974325]]",#FD7A00,https://s-tracker-file-storage-dev.s3.ap-southeast-1.amazonaws.com/geolayer/1749458830401.png,SAT
60,ARJUN-GEOLAYER,KONGAD,1,b'\x00\x00\x00\x00\x01\x03\x00\x00\x00\x01\x00\x00\x00\x05\x00\x00\x00\xa89\xad|\xfe)S@\x10\xe8w\x19G\x87%@\x1c%4\x05\x14*S@\x10\xe8w\x19G\x87%@ \x1e\xb4\xee\x13*S@x\x1f=\xbf\xad\x86%@\x14\x0e\xad\xf5\xfd)S@x\x1f=\xbf\xad\x86%@\xa89\xad|\xfe)S@\x10\xe8w\x19G\x87%@',2025-06-10 08:06:41,2025-10-17 11:14:23,1,"[[76.65613033104313,10.764259347566835],[76.65749438895318,10.764259347566835],[76.65749438895318,10.763040400904472],[76.65613033104313,10.763040400904472]]",#FD7A00,https://s-tracker-file-storage-dev.s3.ap-southeast-1.amazonaws.com/geolayer/1760699660423.png,MTB
61,MTB Departure Layer - UTW Map,Main Terminal Building,5,"b'\x00\x00\x00\x00\x01\x03\x00\x00\x00\x01\x00\x00\x00\x05\x00\x00\x00\xd8\xa9\x0fx\x05mY@``\xfdF\x95\x08\x06@\x84\xa6\xff\xaf\x13mY@\x80\x82\xea\xfb\xd9\x05\x06@|\xa6\xff&3mY@\xa0\xa0p\xc5\xae\x08\x06@\xb8\xa6\xff5$mY@`\x9f\xba""@\x0b\x06@\xd8\xa9\x0fx\x05mY@``\xfdF\x95\x08\x06@'",2025-06-13 09:22:03,,0,"[[101.70647858507311,2.7542364971200137],[101.70416111375563,2.75266617019359],[101.70316655449113,2.7541339304571055],[101.70548402581686,2.7557042573815553]]",#FD7A00,https://s-tracker-file-storage-dev.s3.ap-southeast-1.amazonaws.com/geolayer/1749806523242.png,MTB
62,testing purpose,Test,3,"b'\x00\x00\x00\x00\x01\x03\x00\x00\x00\x01\x00\x00\x00\x06\x00\x00\x00\x1c\x80\x13\xda\xc3kY@ v\x8e\x7fs""\t@<\x08\n\xbd\xfekY@ R\xa0q\x8a""\t@x\xbb2\x05\xfekY@@\xa1ZVy\x1a\t@ \x8f\xe7\x97\xbbkY@\xc0>\x95\xb3\xb2\x1a\t@\xb8\xc5r\x1a\xb0kY@\xc0\xa7\xd6\xfb-\x1f\t@\x1c\x80\x13\xda\xc3kY@ v\x8e\x7fs""\t@'",2025-06-16 10:08:49,2025-06-16 10:12:12,0,"[[101.6825,3.142],[101.6875,3.142],[101.6875,3.1380000000000003],[101.6825,3.1380000000000003]]",#FD7A00,https://s-tracker-file-storage-dev.s3.ap-southeast-1.amazonaws.com/geolayer/1750068721636.jpg,MTB
63,MTB Arrival Layer,Main Terminal Building,3,"b'\x00\x00\x00\x00\x01\x03\x00\x00\x00\x01\x00\x00\x00\x07\x00\x00\x00\xc8>\xf7\x80\x15mY@ \xe7\xdcF\x95\x05\x06@\x04L$\x9b2mY@@\x8f\xc0\xa6\xf3\x07\x06@\xe8F\xd4]%mY@@\xd3\xf2\x95W\n\x06@,)\xcbm.mY@ \x9c6\x98\x10\x0b\x06@\xe8\x1f\xd7\xbe*mY@@\x94>\xff\xc3\x0b\x06@\xc8\xeb\x90\xeb\x04mY@`\xb7A\xc4\xa0\x08\x06@\xc8>\xf7\x80\x15mY@ \xe7\xdcF\x95\x05\x06@'",2025-06-23 08:31:26,2025-10-20 09:42:31,1,"[[101.70676146784592,2.754254318369817],[101.70442658985087,2.7527201048215915],[101.70342087232979,2.7542506792157297],[101.70575575033007,2.7557848927637565]]",#FD7A00,https://s-tracker-file-storage-dev.s3.ap-southeast-1.amazonaws.com/geolayer/1760953350257.png,MTB
64,Car Park Block B - Level 1,STCP,1,b'\x00\x00\x00\x00\x01\x03\x00\x00\x00\x01\x00\x00\x00\x05\x00\x00\x00@\xc1\xe1j\x03mY@ \xfb\xf7G\xf2\t\x06@Xh\x98\xee\xf7lY@\xe0R@F\xf7\x08\x06@pm\xd5\x0b\xeflY@\xa0M+s\x8d\n\x06@P\xc1\x02\x12\xfblY@\x80\xa1\x06b\x82\x0b\x06@@\xc1\xe1j\x03mY@ \xfb\xf7G\xf2\t\x06@',2025-06-23 08:46:26,2025-06-26 07:37:51,1,"[[101.70209990798759,2.755147777137381],[101.70282013490845,2.755621283206551],[101.70331989810182,2.7548611178349063],[101.70259967117977,2.7543876117657646]]",#FD7A00,https://s-tracker-file-storage-dev.s3.ap-southeast-1.amazonaws.com/geolayer/1750923468971.png,MTB
65,Car Pack Block A - Level 1,STCP,1,"b""\x00\x00\x00\x00\x01\x03\x00\x00\x00\x01\x00\x00\x00\x05\x00\x00\x00\x94\xeeNk\xe5lY@ \x1b\xa5\x17\xb4\t\x06@\xc4\xdb\xd0n\xeflY@\x80\xb3P3\x93\n\x06@\xacUY\x10\xf8lY@ \xbd!A\xfa\x08\x06@\x00'\x0co\xedlY@ @=\x95#\x08\x06@\x94\xeeNk\xe5lY@ \x1b\xa5\x17\xb4\t\x06@""",2025-06-23 09:28:01,2025-06-23 09:36:06,1,"[[101.70149612513325,2.75475251720016],[101.70211236309888,2.7551660274653216],[101.70262220621385,2.7544062284568724],[101.70200596826282,2.7539927181902044]]",#81F097,https://s-tracker-file-storage-dev.s3.ap-southeast-1.amazonaws.com/geolayer/1750670881715.png,MTB
66,Car Park Block B - Level 2,STCP,2,b'\x00\x00\x00\x00\x01\x03\x00\x00\x00\x01\x00\x00\x00\x05\x00\x00\x00\xe8S)\xca\xf7lY@\x80\xc0\xa6\x83\xfd\x08\x06@\x1cwuU\x03mY@\xe0\x80\xbf\x82\xf3\t\x06@\xccT\xa0\xdd\xfalY@\x00\xa4\xb9L\x8d\x0b\x06@\xc8\xe6\xcb\xec\xeelY@\xe0+N\xe9\x8a\n\x06@\xe8S)\xca\xf7lY@\x80\xc0\xa6\x83\xfd\x08\x06@',2025-06-23 09:35:38,,1,"[[101.70210453890127,2.7551739346060486],[101.7028135396344,2.755645978730456],[101.70333343671888,2.7548651040233096],[101.70262443598409,2.754393059897737]]",#FD7A00,https://s-tracker-file-storage-dev.s3.ap-southeast-1.amazonaws.com/geolayer/1750671338684.png,MTB
67,Car Pack Block A - Level 2,STCP,2,b'\x00\x00\x00\x00\x01\x03\x00\x00\x00\x01\x00\x00\x00\x05\x00\x00\x00\xa0py9\xeflY@@4L\x9d\x8e\n\x06@\xc8[*7\xf8lY@\x00\xc7\x8a\x90\xfa\x08\x06@\xd8\xc9\xab\xba\xedlY@@\x11\xf0\xdb\x11\x08\x06@\x8c+\x9e\x0f\xe5lY@\x00=\xd4e\xbb\t\x06@\xa0py9\xeflY@@4L\x9d\x8e\n\x06@',2025-06-23 09:41:35,,1,"[[101.70148138516703,2.754753424381505],[101.70211804206309,2.7551777859331708],[101.70264612219677,2.754385523136577],[101.70200946530548,2.7539611615809036]]",#81F097,https://s-tracker-file-storage-dev.s3.ap-southeast-1.amazonaws.com/geolayer/1750671695513.png,MTB
68,Car Park Block A - Basement,STCP,Basement,b'\x00\x00\x00\x00\x01\x03\x00\x00\x00\x01\x00\x00\x00\x05\x00\x00\x00D:\x83$\xeflY@@\xef\xf5\xc4\x8d\n\x06@\x9c+\xff\xd0\xe4lY@`\xbdh\xd7\xab\t\x06@\x904)G\xedlY@\x00\x9c\xe5\xd8\x15\x08\x06@\x00f\x7f\xca\xf7lY@\xe0\x83\xac\xd9\xfe\x08\x06@D:\x83$\xeflY@@\xef\xf5\xc4\x8d\n\x06@',2025-06-24 08:31:43,,1,"[[101.70145866532908,2.7547252626215624],[101.70209327634547,2.755157452017812],[101.70261697477667,2.754388472496373],[101.70198236375848,2.753956283104401]]",#81F097,https://s-tracker-file-storage-dev.s3.ap-southeast-1.amazonaws.com/geolayer/1750753902732.png,MTB
69,Car Park Block B - Basement,STCP,Basement,b'\x00\x00\x00\x00\x01\x03\x00\x00\x00\x01\x00\x00\x00\x05\x00\x00\x00\\\x8d\x88\n\xeflY@`xq\xc0\x82\n\x06@\xa0H\x9b \xfblY@\x80\x95\x81\xd6\x88\x0b\x06@\xc4\xad\x1fx\x03mY@\xa0\x94Pw\x00\n\x06@\x90\xbd\xeaU\xf7lY@\x00J\xba\xd5\xf5\x08\x06@\\\x8d\x88\n\xeflY@`xq\xc0\x82\n\x06@',2025-06-24 08:37:11,2025-06-24 08:47:44,1,"[[101.7020909184966,2.7551441124228546],[101.70282420137897,2.755639401058133],[101.70333482088341,2.7548834205269372],[101.70260153799222,2.7543881318930943]]",#FD7A00,https://s-tracker-file-storage-dev.s3.ap-southeast-1.amazonaws.com/geolayer/1750754229821.png,MTB
70,Car Park Block A - Level G,STCP,G,b'\x00\x00\x00\x00\x01\x03\x00\x00\x00\x01\x00\x00\x00\x05\x00\x00\x00\xdc\xfa\xe4\x00\xf8lY@\xe0b\x03\xa5\x00\t\x06@\x0c\x00\xb5\xe5\xedlY@`P\x1ds\x17\x08\x06@\x04\xbb\x88\x0c\xe5lY@\xa0\xe9\x96\x14\xaf\t\x06@@\x90;\x15\xeflY@\x80%\xb6\x81\x91\n\x06@\xdc\xfa\xe4\x00\xf8lY@\xe0b\x03\xa5\x00\t\x06@',2025-06-24 08:43:17,,1,"[[101.70149313596204,2.7547105824321534],[101.70210152438665,2.7551419030938007],[101.70263075618556,2.7543954086327034],[101.70202236775026,2.753964087965457]]",#81F097,https://s-tracker-file-storage-dev.s3.ap-southeast-1.amazonaws.com/geolayer/1750754595806.png,MTB
71,Car Park Block B - Level G,STCP,G,b'\x00\x00\x00\x00\x01\x03\x00\x00\x00\x01\x00\x00\x00\x05\x00\x00\x00l\x93\x9d\xe3\xf7lY@ \x14_\x80\xf7\x08\x06@dF3\x96\x03mY@`#M\xf9\xf7\t\x06@\xc0^6\xc5\xfalY@`\xe6\xa6\xc2\x91\x0b\x06@<\xa9\xa3\x1c\xeflY@\xa0\x968D\x96\n\x06@l\x93\x9d\xe3\xf7lY@ \x14_\x80\xf7\x08\x06@',2025-06-24 08:46:51,,1,"[[101.70209380181302,2.755167184097786],[101.70280740304844,2.7556570756791245],[101.70334834713088,2.7548691087114605],[101.70263474589541,2.7543792171282746]]",#FD7A00,https://s-tracker-file-storage-dev.s3.ap-southeast-1.amazonaws.com/geolayer/1750754810145.png,MTB
72,Car Park Block A - Level 3,STCP,3,b'\x00\x00\x00\x00\x01\x03\x00\x00\x00\x01\x00\x00\x00\x05\x00\x00\x00d\x9b\xca?\xeflY@\xc0\xa7\xdfo\x8a\n\x06@\xd8-\xbbK\xe5lY@\xe0\n\xbc_\xb9\t\x06@\xc8\xf0\x8e)\xeelY@\x00\xd8\x1a\xd6\x19\x08\x06@\xd4]\x9e\x1d\xf8lY@`4a\x90\xfb\x08\x06@d\x9b\xca?\xeflY@\xc0\xa7\xdfo\x8a\n\x06@',2025-06-24 08:50:54,,1,"[[101.7014932674739,2.7547532477277628],[101.70210927003785,2.7551689236170063],[101.70264137809659,2.7543803766641304],[101.70202537553263,2.753964700769984]]",#81F097,https://s-tracker-file-storage-dev.s3.ap-southeast-1.amazonaws.com/geolayer/1750755053155.png,MTB
73,Car Park Block B - Level 3,STCP,3,"b'\x00\x00\x00\x00\x01\x03\x00\x00\x00\x01\x00\x00\x00\x05\x00\x00\x00\xf8\x88\x98\xb9\xf7lY@\xe0\x92p\xa7\xf1\x08\x06@,5\x00\x98\x03mY@ M:\x05\xfb\t\x06@\x14K-\xf4\xfalY@`\x1dp\x01\x86\x0b\x06@`\xe3\xe6\xd9\xeelY@\xc0J\x8a\xb8\x89\n\x06@\xf8\x88\x98\xb9\xf7lY@\xe0\x92p\xa7\xf1\x08\x06@'",2025-06-24 08:53:43,,1,"[[101.70210278602758,2.755146710256227],[101.70283396202296,2.7556413425052284],[101.70333877859684,2.7548951118197778],[101.70260760260322,2.754400479572084]]",#FD7A00,https://s-tracker-file-storage-dev.s3.ap-southeast-1.amazonaws.com/geolayer/1750755222301.png,MTB
74,Car Park Block A - Level 4,STCP,4,b'\x00\x00\x00\x00\x01\x03\x00\x00\x00\x01\x00\x00\x00\x05\x00\x00\x00t\x801\xad\xedlY@\x80\x0eo\xf3\x1c\x08\x06@x\xa3\xfd\x0c\xf8lY@\xa0\x0f\x00\x03\xfa\x08\x06@\x042\xbd0\xeflY@`\x17\xdd5\x8b\n\x06@\xbc\n$=\xe5lY@\x80\xa8\x86\xd5\xb1\t\x06@t\x801\xad\xedlY@\x80\x0eo\xf3\x1c\x08\x06@',2025-06-24 09:01:53,,1,"[[101.70149288538636,2.7547237476664606],[101.70209729898244,2.755151754744219],[101.70262822557072,2.754402002500001],[101.70202381197697,2.75397399542247]]",#81F097,https://s-tracker-file-storage-dev.s3.ap-southeast-1.amazonaws.com/geolayer/1750755711662.png,MTB
75,Car Park Block B - Level 4,STCP,4,b'\x00\x00\x00\x00\x01\x03\x00\x00\x00\x01\x00\x00\x00\x05\x00\x00\x00\x806\xbe\x9c\xf7lY@ \xea\xf7C\xf5\x08\x06@\xac\x90\x8b9\x03mY@\xe0n\x8bH\xf8\t\x06@\xc4sW\xe7\xfalY@@;;1\x89\x0b\x06@\x18fW\xff\xeelY@`H7\x1f\x8a\n\x06@\x806\xbe\x9c\xf7lY@ \xea\xf7C\xf5\x08\x06@',2025-06-24 09:04:57,,1,"[[101.70209190039344,2.7551557346438074],[101.70279967008861,2.755636898887758],[101.70332488635472,2.7548643307688963],[101.70261711666166,2.7543831665253578]]",#FD7A00,https://s-tracker-file-storage-dev.s3.ap-southeast-1.amazonaws.com/geolayer/1750755896100.png,MTB
76,Car Park Block A - Level 5,STCP,5,"b'\x00\x00\x00\x00\x01\x03\x00\x00\x00\x01\x00\x00\x00\x05\x00\x00\x00\xa8\xcbY\xd6\xf7lY@\x80\xe0\xceG\xf9\x08\x06@T\x8b\xa7\xdb\xedlY@`\xad#\x97""\x08\x06@D\x9d\xd65\xe5lY@\x80\xb8\x80\xee\xa3\t\x06@\x10$\xb0\x0b\xeflY@\xc0\xe8x}\x8b\n\x06@\xa8\xcbY\xd6\xf7lY@\x80\xe0\xceG\xf9\x08\x06@'",2025-06-24 09:06:51,,1,"[[101.70147640149696,2.754713708564509],[101.70209610589609,2.7551542285900723],[101.70262721023147,2.754407094512189],[101.7020075058283,2.753966574487407]]",#81F097,https://s-tracker-file-storage-dev.s3.ap-southeast-1.amazonaws.com/geolayer/1750756010318.png,MTB
77,Car Park Block B - Level 5,STCP,5,b'\x00\x00\x00\x00\x01\x03\x00\x00\x00\x01\x00\x00\x00\x05\x00\x00\x00L#\x8f\xc8\xf7lY@\xe0\x1dX\xe8\xfa\x08\x06@p?\xeb\n\x03mY@`\x07\x1b\xa7\xef\t\x06@\x188\x8c\x1d\xfblY@\xe0t;p~\x0b\x06@\xf8\xa4f1\xeflY@\xc0:\\J\x87\n\x06@L#\x8f\xc8\xf7lY@\xe0\x1dX\xe8\xfa\x08\x06@',2025-06-24 09:09:17,,1,"[[101.70211892177497,2.7551578173424502],[101.70281913334406,2.7556146220216817],[101.70331173823178,2.754859534213807],[101.70261152666734,2.754402729530966]]",#FD7A00,https://s-tracker-file-storage-dev.s3.ap-southeast-1.amazonaws.com/geolayer/1750756156037.png,MTB
78,Car Park Block A - Level 6,STCP,6,b'\x00\x00\x00\x00\x01\x03\x00\x00\x00\x01\x00\x00\x00\x05\x00\x00\x00\xb8EO\xeb\xf7lY@@\x04\xac}\x03\t\x06@X\x92\xc7q\xedlY@\x00-\xbe\xbb\x1e\x08\x06@\xe4\x8d\xdc\xf5\xe4lY@@V\xcd\xb5\xb1\t\x06@\xf4\xa2\xfdJ\xeflY@\x00\x99bh\x90\n\x06@\xb8EO\xeb\xf7lY@@\x04\xac}\x03\t\x06@',2025-06-24 09:13:16,,1,"[[101.70147487857832,2.754728394691071],[101.70212448227556,2.7551733013238646],[101.7026365033351,2.7544257045343272],[101.70198689964724,2.7539807979048874]]",#81F097,https://s-tracker-file-storage-dev.s3.ap-southeast-1.amazonaws.com/geolayer/1750756394807.png,MTB
79,Car Park Block B - Level 6,STCP,6,b'\x00\x00\x00\x00\x01\x03\x00\x00\x00\x01\x00\x00\x00\x05\x00\x00\x00\xc4\x98\xaeF\x03mY@\x80\x93\xac\x98\xf7\t\x06@\xd4#\x14\xb6\xf7lY@\x80\xe0[\x1d\xfc\x08\x06@l\xea\x06.\xeflY@\xe0\xf4\x8d\x93\x8d\n\x06@\xe0A\xea\xf0\xfalY@\x00\xc2{\xb9\x89\x0b\x06@\xc4\x98\xaeF\x03mY@\x80\x93\xac\x98\xf7\t\x06@',2025-06-24 09:15:23,,1,"[[101.70210266489721,2.755165827382882],[101.70281220312756,2.755639302071515],[101.70332463846279,2.754871378301999],[101.70261510023442,2.7543979036113484]]",#FD7A00,https://s-tracker-file-storage-dev.s3.ap-southeast-1.amazonaws.com/geolayer/1750756521800.png,MTB
80,Car Park Block A - Rooftop,STCP,Rooftop,"b""\x00\x00\x00\x00\x01\x03\x00\x00\x00\x01\x00\x00\x00\x05\x00\x00\x00\x00\xea\x0c\xe3\xf7lY@\xe0g\x97\xaf\xf9\x08\x06@\xf0aM\xbc\xedlY@\xc0c*\xd1'\x08\x06@X\x18\xa0\x10\xe5lY@\xc0n2\xf4\xb6\t\x06@0\xacA!\xeflY@`\x05%d\x99\n\x06@\x00\xea\x0c\xe3\xf7lY@\xe0g\x97\xaf\xf9\x08\x06@""",2025-06-24 09:18:09,,1,"[[101.70147731938272,2.7547392168581553],[101.70211756044677,2.7551799506451573],[101.70263896089057,2.754422527451581],[101.70199871982646,2.7539817936633426]]",#81F097,https://s-tracker-file-storage-dev.s3.ap-southeast-1.amazonaws.com/geolayer/1750756688659.png,MTB
81,Car Park Block B - Rooftop,STCP,Rooftop,b'\x00\x00\x00\x00\x01\x03\x00\x00\x00\x01\x00\x00\x00\x05\x00\x00\x00\xb8u\x1b\xbe\xf7lY@\x00Is\xe8\xfa\x08\x06@\x18\xb0\xdb8\x03mY@`\x1b+\x14\xf5\t\x06@\x0c9p\xfb\xfalY@@\xd5\x85\xd6\x85\x0b\x06@\x00\xd6\xad\x14\xeflY@@J\xa1\xb8\x8a\n\x06@\xb8u\x1b\xbe\xf7lY@\x00Is\xe8\xfa\x08\x06@',2025-06-24 09:20:01,,1,"[[101.70212295147701,2.7551488068433656],[101.70281330436683,2.7556057700228678],[101.70329807552247,2.7548734065255047],[101.70260772263259,2.754416443348603]]",#FD7A00,https://s-tracker-file-storage-dev.s3.ap-southeast-1.amazonaws.com/geolayer/1750756800257.png,MTB
82,Car Park Block C - Basement,STCP,Basement,b'\x00\x00\x00\x00\x01\x03\x00\x00\x00\x01\x00\x00\x00\x05\x00\x00\x00\xb0\xb2\xe2\x12\x1bmY@\xe0@\x84\xdd\x00\x0c\x06@P\xffZ\x99\x10mY@\xc0\xa9r\xb6&\x0b\x06@\x94)\xe2\x0f\x08mY@`\xb2\xcf\xca\xbb\x0c\x06@\xc0{\xd0\xad\x12mY@\xe0\x96\x89\xe2\x8f\r\x06@\xb0\xb2\xe2\x12\x1bmY@\xe0@\x84\xdd\x00\x0c\x06@',2025-06-24 09:59:26,2025-06-24 10:01:39,1,"[[101.70363113310009,2.756208554543818],[101.70426846506416,2.7566211622796573],[101.70475838928303,2.755864403906301],[101.70412105731896,2.7554517961724088]]",#81F097,https://s-tracker-file-storage-dev.s3.ap-southeast-1.amazonaws.com/geolayer/1750759165128.png,MTB
83,Car Park Block D - Basement,STCP,Basement,"b""\x00\x00\x00\x00\x01\x03\x00\x00\x00\x01\x00\x00\x00\x05\x00\x00\x00P_\xdcA&mY@\x00\x13\x89\xef\xf5\x0c\x06@\xac\r\x84#\x1bmY@\xc0;'O\xfa\x0b\x06@\xb8w/\xa6\x12mY@\x80&\x96\xa0\x8a\r\x06@\x8c\xd2S2\x1emY@`v\xda'\x81\x0e\x06@P_\xdcA&mY@\x00\x13\x89\xef\xf5\x0c\x06@""",2025-06-24 14:36:11,,1,"[[101.70426485098392,2.7566148273413518],[101.70495833854255,2.757077412220042],[101.70544815842749,2.756343095132465],[101.70475467086669,2.755880510253121]]",#FD7A00,https://s-tracker-file-storage-dev.s3.ap-southeast-1.amazonaws.com/geolayer/1750775770447.png,MTB
84,Car Park Block C - Level G,STCP,G,"b'\x00\x00\x00\x00\x01\x03\x00\x00\x00\x01\x00\x00\x00\x05\x00\x00\x00\x80\xc3\x88\x7f\x12mY@\x80C\xb7\xce\x81\r\x06@\xf0\xbaY\xb9\x08mY@\x00\xf9\x8e2\xb1\x0c\x06@\x14\xf6p\xe7\x10mY@\x80\xcb8h""\x0b\x06@\xd8\xe9\r\xde\x1amY@\x80\x18Z\x12\xfa\x0b\x06@\x80\xc3\x88\x7f\x12mY@\x80C\xb7\xce\x81\r\x06@'",2025-06-24 14:41:52,,1,"[[101.70365157707676,2.756210409416326],[101.70425519798079,2.756609558763344],[101.70475703893976,2.7558506405836596],[101.70415341803778,2.755451491237295]]",#81F097,https://s-tracker-file-storage-dev.s3.ap-southeast-1.amazonaws.com/geolayer/1750776111265.png,MTB
85,MTB Level 4,Main Terminal Building,4,"b'\x00\x00\x00\x00\x01\x03\x00\x00\x00\x01\x00\x00\x00\x05\x00\x00\x00xT9\xcf\x15mY@\xa0\x00b\xa0\x83\x05\x06@\xb0)\x95T3mY@ \x82\xb4\xa5\xed\x07\x06@\x08\x871N""mY@@:A\\\x10\x0b\x06@ \x9a\xfd\x02\x03mY@ \x8348\xa0\x08\x06@xT9\xcf\x15mY@\xa0\x00b\xa0\x83\x05\x06@'",2025-06-24 14:55:30,2025-10-20 09:45:19,1,"[[101.7063313359933,2.7539371890477895],[101.70438969144834,2.7526299490258594],[101.70331145826339,2.754231449583827],[101.70525310281317,2.755538689608855]]",#FD7A00,https://s-tracker-file-storage-dev.s3.ap-southeast-1.amazonaws.com/geolayer/1760953518244.png,MTB
86,Car Park Block D - Level G,STCP,G,b'\x00\x00\x00\x00\x01\x03\x00\x00\x00\x01\x00\x00\x00\x05\x00\x00\x00(\x0e\xd05&mY@\xa0\xa5*5\xf8\x0c\x06@\x9c).\xc0\x1amY@\xe0~~/\xf8\x0b\x06@\x94\xe4\xa9\xae\x12mY@`\xf2q\x1a\x88\r\x06@\x04\xbcd\xf7\x1dmY@\xe0\x9ds\xa6\x80\x0e\x06@(\x0e\xd05&mY@\xa0\xa5*5\xf8\x0c\x06@',2025-06-24 15:56:18,,1,"[[101.70425971259903,2.756613155427374],[101.70496114505534,2.7570866062586816],[101.70545950584034,2.756348268979764],[101.70475807338215,2.7558748181495503]]",#FD7A00,https://s-tracker-file-storage-dev.s3.ap-southeast-1.amazonaws.com/geolayer/1750780577831.png,MTB
87,Car Park Block C - Level 1,STCP,1,"b""\x00\x00\x00\x00\x01\x03\x00\x00\x00\x01\x00\x00\x00\x05\x00\x00\x00\xbc^IC\x1bmY@\xa0\x97\xfa]\xfb\x0b\x06@\x14\xd1\x98'\x11mY@\xc0\x03a\xd5\x1f\x0b\x06@\x08g\x12\xa5\x08mY@\x80\x88\xc0\xb7\xaa\x0c\x06@`\x00\xa5\xaa\x12mY@\x80r\xc7\xa1\x87\r\x06@\xbc^IC\x1bmY@\xa0\x97\xfa]\xfb\x0b\x06@""",2025-06-24 15:58:06,,1,"[[101.70365299747806,2.7561877239259474],[101.70427064695997,2.7566148668317396],[101.70478778116205,2.755867089831156],[101.70417013168151,2.7554399469262307]]",#81F097,https://s-tracker-file-storage-dev.s3.ap-southeast-1.amazonaws.com/geolayer/1750780685577.png,MTB
88,Car Park Block D - Level 1,STCP,1,b'\x00\x00\x00\x00\x01\x03\x00\x00\x00\x01\x00\x00\x00\x05\x00\x00\x00\xdc\xcd\xe5\xa4&mY@\xc0\xe6\x984\xf6\x0c\x06@\xe4Rt\xf9\x1amY@\xc0H\x18R\xf3\x0b\x06@\x00\x1d}\x80\x12mY@ \xea\xf7E\x85\r\x06@\xf8\x1a\xdbT\x1emY@@Ze\xc0\x84\x0e\x06@\xdc\xcd\xe5\xa4&mY@\xc0\xe6\x984\xf6\x0c\x06@',2025-06-24 15:59:55,,1,"[[101.70425083565988,2.756606945530166],[101.70498153944555,2.757091519167574],[101.70548320603751,2.756335040381245],[101.70475250225184,2.755850466743553]]",#FD7A00,https://s-tracker-file-storage-dev.s3.ap-southeast-1.amazonaws.com/geolayer/1750780794418.png,MTB
89,Car Park Block C - Level 2,STCP,2,b'\x00\x00\x00\x00\x01\x03\x00\x00\x00\x01\x00\x00\x00\x05\x00\x00\x00<5fE\x1bmY@\x00\xe8)\x15\xf6\x0b\x06@\x9cX\r\x19\x11mY@@]\xa1\xc7$\x0b\x06@\xe0\xa8\xb2\xbc\x08mY@@\xb4\x05\x91\xb6\x0c\x06@Py$\xbc\x12mY@\x00j\x85\xde\x87\r\x06@<5fE\x1bmY@\x00\xe8)\x15\xf6\x0b\x06@',2025-06-24 16:03:41,,1,"[[101.7036589449529,2.7562096245437147],[101.70426223791253,2.7566012345884587],[101.7047597345964,2.755834818460272],[101.70415644164075,2.755443208411563]]",#81F097,https://s-tracker-file-storage-dev.s3.ap-southeast-1.amazonaws.com/geolayer/1750781020621.png,MTB
90,Car Park Block D - Level 2,STCP,2,b'\x00\x00\x00\x00\x01\x03\x00\x00\x00\x01\x00\x00\x00\x05\x00\x00\x00\xa4%\xdb\x94&mY@ \x01{\xd4\xf5\x0c\x06@\x90A9\x1f\x1bmY@\xa0\x9e\x963\xf0\x0b\x06@@\xe3\xe6\xb3\x12mY@ _Z\xdb\x83\r\x06@\xb8i\x99\x0b\x1emY@\xe0\xef\x93\x02\x82\x0e\x06@\xa4%\xdb\x94&mY@ \x01{\xd4\xf5\x0c\x06@',2025-06-24 16:05:24,,1,"[[101.70426102027943,2.756609847850669],[101.7049650407103,2.757084322421079],[101.70546882222595,2.7563368166576367],[101.70476480179514,2.755862342088207]]",#FD7A00,https://s-tracker-file-storage-dev.s3.ap-southeast-1.amazonaws.com/geolayer/1750781123677.png,MTB
91,Car Park Block C - Level 3,STCP,3,b'\x00\x00\x00\x00\x01\x03\x00\x00\x00\x01\x00\x00\x00\x05\x00\x00\x00\x9cG\xa4c\x1bmY@\xa05\xcb3\xf6\x0b\x06@\xe0D:u\x11mY@\xc0BP\xd8\x17\x0b\x06@\xe0\xd0M\xa1\x08mY@@\xf3\xe4\xf4\xb8\x0c\x06@\xa4\x95o\x83\x12mY@ \x08O\x94\x8c\r\x06@\x9cG\xa4c\x1bmY@\xa05\xcb3\xf6\x0b\x06@',2025-06-24 16:07:02,,1,"[[101.70366769604362,2.75621943505179],[101.70426766022473,2.756619863410407],[101.70478630904336,2.755842768795688],[101.7041863448622,2.755442340438975]]",#81F097,https://s-tracker-file-storage-dev.s3.ap-southeast-1.amazonaws.com/geolayer/1750781221140.png,MTB
92,Car Park Block D - Level 3,STCP,3,b'\x00\x00\x00\x00\x01\x03\x00\x00\x00\x01\x00\x00\x00\x05\x00\x00\x00H\xcc\xb7\xa9&mY@\x00qc\xce\xf5\x0c\x06@D\xcc\xb7\x0f\x1bmY@@%-*\xf6\x0b\x06@D\xcc7\x89\x12mY@\xc0\xcbf\xa6|\r\x06@l\xcc7\xc9\x1dmY@@\x87\x12\xb8\x84\x0e\x06@H\xcc\xb7\xa9&mY@\x00qc\xce\xf5\x0c\x06@',2025-06-24 16:08:40,,1,"[[101.70424497355924,2.756599057361697],[101.70496470376088,2.757091948373443],[101.70547907533506,2.756340851774965],[101.704759345132,2.7558479607622957]]",#FD7A00,https://s-tracker-file-storage-dev.s3.ap-southeast-1.amazonaws.com/geolayer/1750781319535.png,MTB
93,Car Park Block C - Level 4,STCP,4,b'\x00\x00\x00\x00\x01\x03\x00\x00\x00\x01\x00\x00\x00\x05\x00\x00\x00\x80\x15\xc1E\x1bmY@\x002\xce\xb7\xff\x0b\x06@\x80EOF\x11mY@ J\xd53#\x0b\x06@|\xcd.\x81\x08mY@`\x9e1\xa5\xab\x0c\x06@T@\xb1b\x12mY@`yQl\x84\r\x06@\x80\x15\xc1E\x1bmY@\x002\xce\xb7\xff\x0b\x06@',2025-06-24 16:10:13,,1,"[[101.70364180626069,2.756185825642902],[101.7042592901559,2.7566208955119293],[101.70478141113625,2.7558798622274026],[101.70416392723826,2.7554447923560303]]",#81F097,https://s-tracker-file-storage-dev.s3.ap-southeast-1.amazonaws.com/geolayer/1750781412549.png,MTB
94,Car Park Block D - Level 4,STCP,4,b'\x00\x00\x00\x00\x01\x03\x00\x00\x00\x01\x00\x00\x00\x05\x00\x00\x00h\xfd\x1b\xa1&mY@\xa0\xddR\xdf\x01\r\x06@\x8cH\x89\xf8\x1amY@ \xc7\xa0>\x00\x0c\x06@<GNn\x12mY@\xc0\xdc\xcf\xc0\x85\r\x06@\x00\xf4\x01H\x1emY@ 21\xfb\x8b\x0e\x06@h\xfd\x1b\xa1&mY@\xa0\xddR\xdf\x01\r\x06@',2025-06-24 16:11:42,,1,"[[101.70426279924317,2.756604173151061],[101.7049880874244,2.7570880164908402],[101.7054721376312,2.756362418239263],[101.70474684944406,2.7558785748986736]]",#FD7A00,https://s-tracker-file-storage-dev.s3.ap-southeast-1.amazonaws.com/geolayer/1750781501373.png,MTB
95,Car Park Block C - Level 5,STCP,5,"b""\x00\x00\x00\x00\x01\x03\x00\x00\x00\x01\x00\x00\x00\x05\x00\x00\x00\xd8\xe2\x84;\x1bmY@\x00Nro\xfd\x0b\x06@\xf4xz\xdd\x10mY@\xa0$\x9b<\x18\x0b\x06@\xe4\x0e\xf4Z\x08mY@`'%\x8c\xaf\x0c\x06@l\xaewU\x12mY@\xc0\x1d?\xb3\x89\r\x06@\xd8\xe2\x84;\x1bmY@\x00Nro\xfd\x0b\x06@""",2025-06-24 16:14:10,,1,"[[101.70362677689525,2.756194448734817],[101.70425832992078,2.7566295960710647],[101.70478845875067,2.755860191170882],[101.70415690572122,2.755425043835345]]",#81F097,https://s-tracker-file-storage-dev.s3.ap-southeast-1.amazonaws.com/geolayer/1750781649485.png,MTB
96,Car Park Block D - Level 5,STCP,5,b'\x00\x00\x00\x00\x01\x03\x00\x00\x00\x01\x00\x00\x00\x05\x00\x00\x00\xdcU\x13\x8e&mY@`\xe4x\xab\x01\r\x06@\x0c\x8b?r\x1bmY@\xe0\xaa\\o\xf6\x0b\x06@`W@q\x12mY@ )\xb88\x88\r\x06@x\xea\xd9\xf5\x1dmY@\x00\x9c\xf1_\x86\x0e\x06@\xdcU\x13\x8e&mY@`\xe4x\xab\x01\r\x06@',2025-06-24 16:16:51,,1,"[[101.70425893210728,2.756615629466353],[101.70496263948769,2.7570921590114637],[101.70546365390408,2.7563522939648237],[101.7047599465248,2.7558757644186613]]",#FD7A00,https://s-tracker-file-storage-dev.s3.ap-southeast-1.amazonaws.com/geolayer/1750781810594.png,MTB
97,Car Park Block C - Level 6,STCP,6,b'\x00\x00\x00\x00\x01\x03\x00\x00\x00\x01\x00\x00\x00\x05\x00\x00\x00\xc8s\xf0\xe0\x1amY@\xe0\xd4\rS\xf8\x0b\x06@\x80\xb0\xc6(\x11mY@@\xc0\xc4\xb1#\x0b\x06@0j\xe6c\x08mY@\xe0\xf4\xfd\x19\xb4\x0c\x06@\xb0\xfd\x87t\x12mY@ AQ\xf8\x85\r\x06@\xc8s\xf0\xe0\x1amY@\xe0\xd4\rS\xf8\x0b\x06@',2025-06-24 16:26:34,,1,"[[101.70366158933336,2.7562221452627966],[101.70425932607372,2.7566209177427368],[101.70476183938166,2.7558676795158448],[101.70416410263948,2.755468907038704]]",#81F097,https://s-tracker-file-storage-dev.s3.ap-southeast-1.amazonaws.com/geolayer/1750782393648.png,MTB
98,Car Park Block D - Level 6,STCP,6,"b'\x00\x00\x00\x00\x01\x03\x00\x00\x00\x01\x00\x00\x00\x05\x00\x00\x00\xb0\rY^&mY@\xa0\xa9;\x1a\xf0\x0c\x06@\x14\x0fA9\x1bmY@\xa0\x15y1\xf6\x0b\x06@\x14C\x86[\x12mY@\xa0>m\x17\x86\r\x06@<\xdc\x9c<\x1emY@\xa0""\x12\xc3\x82\x0e\x06@\xb0\rY^&mY@\xa0\xa9;\x1a\xf0\x0c\x06@'",2025-06-24 16:31:32,,1,"[[101.70425833901277,2.7566061494892438],[101.70499271343556,2.757074156636122],[101.70546650477917,2.7563307059908055],[101.70473213035808,2.7558626988427903]]",#FD7A00,https://s-tracker-file-storage-dev.s3.ap-southeast-1.amazonaws.com/geolayer/1750782691859.png,MTB
99,Car Park Block C - Rooftop,STCP,Rooftop,b'\x00\x00\x00\x00\x01\x03\x00\x00\x00\x01\x00\x00\x00\x05\x00\x00\x00\x10\x16+\xe5\x1amY@\xe0\xf3\x97k\xf5\x0b\x06@\x08\x97\xc1\xd6\x10mY@\xa0{w\xfc%\x0b\x06@L\xe7fz\x08mY@ \xc1\x0b\t\xb4\x0c\x06@\\\x15\xc8\x97\x12mY@\x80\x96S\xbb\x7f\r\x06@\x10\x16+\xe5\x1amY@\xe0\xf3\x97k\xf5\x0b\x06@',2025-06-24 16:33:06,,1,"[[101.70365386906099,2.756195011726078],[101.70425844343578,2.756611040944449],[101.70477029091984,2.7558672232537447],[101.70416571654505,2.7554511940355155]]",#81F097,https://s-tracker-file-storage-dev.s3.ap-southeast-1.amazonaws.com/geolayer/1750782785660.png,MTB
100,Car Park Block D - Rooftop,STCP,Rooftop,"b""\x00\x00\x00\x00\x01\x03\x00\x00\x00\x01\x00\x00\x00\x05\x00\x00\x00\xa0x\xd9e&mY@\xa0E^\xb1\xf2\x0c\x06@\xcc\xfe\r;\x1bmY@\xc0*\xeaF\xf8\x0b\x06@\xcc5\xe5\x84\x12mY@\x00\xaf\xa5\x96\x82\r\x06@\xf0&n'\x1emY@\xe0Uw\xdf~\x0e\x06@\xa0x\xd9e&mY@\xa0E^\xb1\xf2\x0c\x06@""",2025-06-24 16:35:50,,1,"[[101.70426532565375,2.7566146064505546],[101.7049604236658,2.757078074912201],[101.70545557318786,2.756335462467163],[101.70476047517576,2.755871994006526]]",#FD7A00,https://s-tracker-file-storage-dev.s3.ap-southeast-1.amazonaws.com/geolayer/1750782949203.png,MTB
101,AplLayer-1,"World Trade Center, Perungudi",2,b'\x00\x00\x00\x00\x01\x03\x00\x00\x00\x01\x00\x00\x00\x05\x00\x00\x00 \xc6\x9a\xfae\x0fT@\xe0\x82\xa0e\x89\xee)@\x80\t\xd8`\xe2\x0fT@\x88\x04\x94Q\xb2\xee)@\xc8/W?\xe4\x0fT@0\xf7%FP\xea)@\x1c@\xd2Wb\x0fT@p=$km\xea)@ \xc6\x9a\xfae\x0fT@\xe0\x82\xa0e\x89\xee)@',2025-06-27 05:08:16,2025-08-11 12:22:02,1,"[[80.23960149332441,12.967129295593281],[80.24960149332532,12.967129295593281],[80.24960149332532,12.957128918756354],[80.23960149332441,12.957128918756354]]",#286AD4,https://s-tracker-file-storage-dev.s3.ap-southeast-1.amazonaws.com/geolayer/1751017419492.png,MTB
102,AplLayer-2,"Dmart, Perungudi",2,b'\x00\x00\x00\x00\x01\x03\x00\x00\x00\x01\x00\x00\x00\x05\x00\x00\x00\xe0R\xb2\xea\xf1\x0eT@`\xd9\xbf\xfbw\xea)@\xd8z\x0e\xa3t\x0fT@\xa8\xa7+ea\xea)@\xc8\xe4\x90\x8du\x0fT@\xf8\x10lhh\xe7)@\x14\x87\xd92\xef\x0eT@\x88\x1e\xab\xbc\x8c\xe7)@\xe0R\xb2\xea\xf1\x0eT@`\xd9\xbf\xfbw\xea)@',2025-06-27 05:18:26,2025-08-11 12:22:33,1,"[[80.2326376363419,12.9585328547672],[80.24263763634366,12.9585328547672],[80.24263763634366,12.948532152051115],[80.2326376363419,12.948532152051115]]",#8b572a,https://s-tracker-file-storage-dev.s3.ap-southeast-1.amazonaws.com/geolayer/1751001500183.png,MTB
103,ALPS Nilai B1,Building 1,1,"b""\x00\x00\x00\x00\x01\x03\x00\x00\x00\x01\x00\x00\x00\x06\x00\x00\x00\x902\xc3rMtY@\xa0\xbeQ\xcaJ\xa7\x06@T\xdeZ\x04VtY@\xe0 o\xd1>\xa7\x06@\x80\xf3l\xdaVtY@\xc0T\xb9Y}\xaa\x06@\x0c'71NtY@`\x16\xbab\x81\xaa\x06@\x1c\xee\xdbRMtY@\x00\xa2\xeeJJ\xa7\x06@\x902\xc3rMtY@\xa0\xbeQ\xcaJ\xa7\x06@""",2025-07-17 01:04:16,2025-07-24 08:32:57,1,"[[101.81712570428277,2.831642166835337],[101.8171801963212,2.8332821616993016],[101.81793816563243,2.8332569766842397],[101.817883673594,2.831616981821753]]",#286AD4,https://s-tracker-file-storage-dev.s3.ap-southeast-1.amazonaws.com/geolayer/1752714255825.png,MTB
104,MTB Level 2,Main Terminal Building,2,b'\x00\x00\x00\x00\x01\x03\x00\x00\x00\x01\x00\x00\x00\x07\x00\x00\x00\xb8\x93$\xfc\x15mY@@\x89\xaa\x12e\x05\x06@\x04i9\x863mY@\x80\xf6\xb9\x16\xd1\x07\x06@\xa4\xc7U6&mY@\xc0x\xb0^P\n\x06@l\x1c-\x86.mY@`C\xc5+\x0b\x0b\x06@\x08rA^*mY@\xa0P\xcd\xbe\xbf\x0b\x06@dl\xe0\n\x04mY@\xc0\xf4^\xb1\x8d\x08\x06@\xb8\x93$\xfc\x15mY@@\x89\xaa\x12e\x05\x06@',2025-07-21 02:01:49,2025-10-20 09:44:19,1,"[[101.70690292189192,2.7541615259820276],[101.70442283723474,2.752509588916922],[101.7033150213735,2.7541727738602333],[101.70579510602772,2.755824710926916]]",#FD7A00,https://s-tracker-file-storage-dev.s3.ap-southeast-1.amazonaws.com/geolayer/1760953458189.png,MTB
105,MTB Ground Layer,Main Terminal Building,Ground,b'\x00\x00\x00\x00\x01\x03\x00\x00\x00\x01\x00\x00\x00\x07\x00\x00\x00\xc4r\x86\x94\x15mY@\x80\xc3\x9a\x8d\x84\x05\x06@$gL\x052mY@\x00\xf6DD\xe5\x07\x06@ \x02\xa1\xfd%mY@\x80\x0eAHQ\n\x06@<\xac]v/mY@\x80z\x8d\xa2\x13\x0b\x06@\xd0c\xe6\xe6*mY@ \xc5\x05@\xd2\x0b\x06@\x9c\x95\xf4\xd7\x04mY@\xe0h\xaf\xdc\x98\x08\x06@\xc4r\x86\x94\x15mY@\x80\xc3\x9a\x8d\x84\x05\x06@',2025-07-22 04:06:40,2025-10-20 09:43:21,1,"[[101.70684709153113,2.754241921906697],[101.70447273351112,2.7526695980074294],[101.70342424658475,2.754252912336824],[101.70579860463778,2.7558252362186693]]",#FD7A00,https://s-tracker-file-storage-dev.s3.ap-southeast-1.amazonaws.com/geolayer/1760953400858.png,MTB
106,USIM-2,FKP,1,b'\x00\x00\x00\x00\x01\x03\x00\x00\x00\x01\x00\x00\x00\x05\x00\x00\x00X\x89\xb3\x99\x07rY@\xc0H\x81u\x07\xbc\x06@X\x89\xb3\x8f rY@\x00JB\x82\x0f\xbd\x06@\x8c\x88\xb3H+rY@\x004\xb8\xe1\xe6\xb8\x06@\xa8\x88\xb3`\x13rY@\x00<\x01\xec\xfa\xb7\x06@X\x89\xb3\x99\x07rY@\xc0H\x81u\x07\xbc\x06@',2025-07-29 07:47:51,,1,"[[101.78416943795688,2.8402364295881006],[101.78216152310284,2.839538538262612],[101.78133050020804,2.841929488190717],[101.78333841506208,2.842627379516206]]",#FD7A00,https://s-tracker-file-storage-dev.s3.ap-southeast-1.amazonaws.com/geolayer/1753775271265.png,MTB
107,AplLayer-3,"BSR MALL, OMR Road",3,"b'\x00\x00\x00\x00\x01\x03\x00\x00\x00\x01\x00\x00\x00\x05\x00\x00\x00<\x1cc,3\x0fT@(\xdc`;I\xe7)@\x14V\x86O\x97\x0fT@H\xfd\t\x0c@\xe7)@\x14V\x86O\x97\x0fT@\xd03\x1a\xe9\xf1\xe4)@\x94\x1b\xcc\xfe1\x0fT@\xc0\xf7\xf3Z\xd6\xe4)@<\x1cc,3\x0fT@(\xdc`;I\xe7)@'",2025-07-29 12:24:12,2025-07-30 03:05:22,0,"[[80.23507611449014,12.952635138432868],[80.24507611448689,12.952635138432868],[80.24507611448689,12.942635262789025],[80.23507611449014,12.942635262789025]]",#FD7A00,https://s-tracker-file-storage-dev.s3.ap-southeast-1.amazonaws.com/geolayer/1753791843632.png,MTB
108,Canselori,Bangunan Canselori USIM,5,"b'\x00\x00\x00\x00\x01\x03\x00\x00\x00\x01\x00\x00\x00\t\x00\x00\x004dR8\x07rY@\xa0\xf1d\x1d:\xc0\x06@\xc8C\xb12\x05rY@\x00,[\nX\xc0\x06@\x9c}\x9c\x9a\trY@\xc0|.h\xb7\xc1\x06@(N\xa3\x02\x0crY@\xe0\x0e\x04\x9b\x9c\xc1\x06@TSDG\nrY@ Y{\x03\x1a\xc1\x06@\xcc\xdd\xf0\xf3\nrY@`\xe8\xd5\x1b\x10\xc1\x06@\x9c\xb6\x97\x9a\trY@\xe0\x90y\x11\xa6\xc0\x06@\xe0\xda\x95\xf2\x08rY@\xe0k0z\xac\xc0\x06@4dR8\x07rY@\xa0\xf1d\x1d:\xc0\x06@'",2025-09-25 05:19:33,2025-09-25 06:21:30,1,"[[101.78202320033785,2.844511814191179],[101.78174326790048,2.843814921610658],[101.78155311097692,2.843890024823594],[101.78183304341775,2.844586917401898]]",#FD7A00,https://s-tracker-file-storage-dev.s3.ap-southeast-1.amazonaws.com/geolayer/1758777573267.png,MTB
109,FKP_3_Dup,FKP_Duplicate,Floor_3,b'\x00\x00\x00\x00\x01\x03\x00\x00\x00\x01\x00\x00\x00\t\x00\x00\x00\xc0\x02\xdbH\x13rY@ p\x19\xb3-\xbc\x06@\xbc2\xde\xab\x1frY@@\xfc\xd0S\x84\xbc\x06@4\xa1\x84@$rY@ T7\xeav\xbb\x06@8w\xa6\xd1\x1brY@\x80\xb5\x0f\xf7H\xba\x06@p\xfc\t\xdc\x17rY@\x80Yrkx\xba\x06@\xa0\x1c\xa6w\x15rY@ D2\xd4\xab\xba\x06@l\xc0p\x7f\x12rY@\xa0\xde\xa9%\xca\xba\x06@\xf0r\xd4\xb6\x11rY@\x80ge\xb1\xd9\xbb\x06@\xc0\x02\xdbH\x13rY@ p\x19\xb3-\xbc\x06@',2025-10-01 04:19:20,2026-02-23 05:29:51,1,"[[101.78233027080819,2.8420485421147674],[101.78341347310067,2.8420485421147674],[101.78341347310067,2.8409653396395242],[101.78233027080819,2.8409653396395242]]",#FD7A00,https://s-tracker-file-storage-dev.s3.ap-southeast-1.amazonaws.com/geolayer/1759292358412.png,MTB
110,Firmware Test GeoLayer,Firmware Test,1,b'\x00\x00\x00\x00\x01\x03\x00\x00\x00\x01\x00\x00\x00\x05\x00\x00\x00\x14l\xf6{r~Y@\xc0\x05\xcdS6\xfe\x05@\x00\xbd\xc7Op~Y@\xe0\xda\x88z\r\xfe\x05@\x18\xe0\x82\x16n~Y@\xe0Uqg}\xfe\x05@4\x1b\xfa!p~Y@\xc0\xf5(l\xae\xfe\x05@\x14l\xf6{r~Y@\xc0\x05\xcdS6\xfe\x05@',2025-10-01 13:02:32,,1,"[[101.97548372328004,2.749318881499505],[101.97573464742936,2.749318881499505],[101.97573464742936,2.7490679573945584],[101.97548372328004,2.7490679573945584]]",#FD7A00,https://s-tracker-file-storage-dev.s3.ap-southeast-1.amazonaws.com/geolayer/1759323752517.png,MTB
111,MTB Level 5,Main Terminal Building,5,b'\x00\x00\x00\x00\x01\x03\x00\x00\x00\x01\x00\x00\x00\x06\x00\x00\x00\xc8\x1d1\x1b\x01lY@\xa0Z\xe3\xb2\xb2\xf1\x05@\x04\xe5\xb9\xc8\xe5kY@@\xf6\xb2\x1e\x97\xef\x05@\xc0\xa3\x99\xa8\xd2kY@\xa0@\xe8s\xb2\xf2\x05@\x1cwF\xe2\xf1kY@\xe0\xe9\x9f\xbe\xe0\xf4\x05@X\xb4Z~\xf1kY@\xe0px\xe9\xca\xf4\x05@\xc8\x1d1\x1b\x01lY@\xa0Z\xe3\xb2\xb2\xf1\x05@',2025-10-03 08:01:14,,1,"[[101.68777089493265,2.7430459541899896],[101.68569902429232,2.741755218118649],[101.6846664368086,2.743412712426453],[101.68673830744893,2.744703448497794]]",#FD7A00,https://s-tracker-file-storage-dev.s3.ap-southeast-1.amazonaws.com/geolayer/1759478472240.png,MTB
112,Zone B – Arrival Hall,– Main Terminal Building ,Floor 2 ,"b""\x00\x00\x00\x00\x01\x03\x00\x00\x00\x01\x00\x00\x00\x06\x00\x00\x00\xc4\x94\x08BxmY@`\x805\x92J\xc8\x05@\x98\xb1_H~mY@\xe0\xfe'\x9bH\xc8\x05@\xf0\x92S\x87~mY@\x80z\n\xab\xd4\xc7\x05@\x14\xe8\xe9\x94wmY@`\xc8\xab\xe9\xc6\xc7\x05@X3\x88\xf7vmY@\xa0\x99@\x87\xdc\xc7\x05@\xc4\x94\x08BxmY@`\x805\x92J\xc8\x05@""",2025-10-13 10:05:35,2026-02-23 07:07:17,1,"[[101.7102290392804,2.722868883316884],[101.71112836563209,2.722868883316884],[101.71112836563209,2.7224165583666395],[101.7102290392804,2.7224165583666395]]",#FD7A00,https://s-tracker-file-storage-dev.s3.ap-southeast-1.amazonaws.com/geolayer/1763558526362.jpg,SAT
113,Dewan Tuanku Canselor,Dewan Tuanku Canselor,1,"b'\x00\x00\x00\x00\x01\x03\x00\x00\x00\x01\x00\x00\x00\x06\x00\x00\x00\xe4? ""$rY@\xe0\xc0\x06\xee0\xc6\x06@l\xef\xd0\xc50rY@\xc0\x9c;;/\xc7\x06@\xb0C\xcc4-rY@`\xa4\xc3\xb1\xa8\xc8\x06@ J\xe5V!rY@\xe0\x93\x1f\x0c\x94\xc9\x06@d\x9b\xfb\x9f\x18rY@ \xeao\x08\x80\xc7\x06@\xe4? ""$rY@\xe0\xc0\x06\xee0\xc6\x06@'",2025-10-29 00:48:54,,1,"[[101.78286641590705,2.8481269980279222],[101.78416283549319,2.8481269980279222],[101.78416283549319,2.8468305785640666],[101.78286641590705,2.8468305785640666]]",#FD7A00,https://s-tracker-file-storage-dev.s3.ap-southeast-1.amazonaws.com/geolayer/1761698934188.png,MTB
114,Zone C – International Board,Satellite Building,Floor 3,"b""\x00\x00\x00\x00\x01\x03\x00\x00\x00\x01\x00\x00\x00\t\x00\x00\x00\xd4\xd1Y'\x07rY@ t\x06\x81:\xc0\x06@T\xde@\x16\x05rY@\xe0\x98[\xe8Q\xc0\x06@x?\xea\xac\trY@\x00\xe6\x9eN\xb6\xc1\x06@\x80E`\xb0\x0brY@\x00\xbc\xb5,\x9e\xc1\x06@\x9c`\x90\r\nrY@@ \xd9w\x1d\xc1\x06@<\x03\x14\xef\nrY@`\xde\x10d\x0f\xc1\x06@\xe0n\x11\x92\trY@\x00U\xd9\x1f\xa2\xc0\x06@@\xcc\x8d\xb0\x08rY@\x80@\xce0\xae\xc0\x06@\xd4\xd1Y'\x07rY@ t\x06\x81:\xc0\x06@""",2025-11-10 03:33:41,2026-02-23 07:14:10,1,"[[101.78166747313435,2.844142913949213],[101.78174694953765,2.844337572190568],[101.78194160772995,2.844258095758221],[101.7818621313316,2.8440634375259037]]",#F57729,https://s-tracker-file-storage-dev.s3.ap-southeast-1.amazonaws.com/geolayer/1762745620006.png,MTB
115,park A,Parking A,1,b'\x00\x00\x00\x00\x01\x03\x00\x00\x00\x01\x00\x00\x00\x06\x00\x00\x00\x04\xd1\xe38\xe5lY@\x80\xd4\x87\xcd\xc2\t\x06@8\xd1\xe3\xf1\xeflY@\xc0\x14\xf5\x8a\xa3\n\x06@\xf4\xd0cx\xf8lY@`\xfb\xee\xf6\x00\t\x06@0\xd1c\x92\xedlY@\xc0\xe7w9 \x08\x06@\x14\xd1\xe3\xf7\xe9lY@`S\x15\x10\xe2\x08\x06@\x04\xd1\xe38\xe5lY@\x80\xd4\x87\xcd\xc2\t\x06@',2025-11-19 13:19:13,2025-11-19 13:40:17,0,"[[101.70114930095136,2.754803417873345],[101.70209932247157,2.7555421213314615],[101.70300036513942,2.7543833208471846],[101.70205034361922,2.7536446173890683]]",#FD7A00,https://s-tracker-file-storage-dev.s3.ap-southeast-1.amazonaws.com/geolayer/1763558350189.jpg,MTB
116,dev park,b1,2,"b'\x00\x00\x00\x00\x01\x03\x00\x00\x00\x01\x00\x00\x00\x06\x00\x00\x00\x9c\x04O\xd3\x05lY@ \x01\x84\xcah\xee\x05@\xe8\x04ON\x12lY@\xc0\xae\xc6\x99\x8c\xf0\x05@\x90\x04\xcf\xed\x1flY@\xe0\xfcv\x94W\xef\x05@\xc0\x04O\xe0\x16lY@\x80""\x8a\xc2\xa9\xed\x05@\x9c\x04O\xe3\x13lY@\x80\x05n\x88(\xed\x05@\x9c\x04O\xd3\x05lY@ \x01\x84\xcah\xee\x05@'",2025-11-19 14:00:36,,0,"[[101.6884862884203,2.7418693046892257],[101.6888571147882,2.7418693046892257],[101.6888571147882,2.741416979738981],[101.6884862884203,2.741416979738981]]",#FD7A00,https://s-tracker-file-storage-dev.s3.ap-southeast-1.amazonaws.com/geolayer/1763560835455.jpg,MTB
117,cark,b,12,"b""\x00\x00\x00\x00\x01\x03\x00\x00\x00\x01\x00\x00\x00\x05\x00\x00\x00\x945\x9c\xc4\xffkY@\xa0^\xcb\xe0\xb1\xe7\x05@x7\xcc\xf0\xd5kY@`\xcdS\xb4o\xef\x05@0\x8e\x86\xa0'lY@\x80\xab\x9c\xc3\xc3\xf5\x05@\x0c\x14~\x80NlY@ \xf3\xf3\xab\x15\xee\x05@\x945\x9c\xc4\xffkY@\xa0^\xcb\xe0\xb1\xe7\x05@""",2025-11-19 14:08:41,,0,"[[101.68493863803333,2.7420763293252257],[101.68991377615505,2.745190065600359],[101.69240476517517,2.741209955102981],[101.68742962705345,2.738096218827848]]",#FD7A00,https://s-tracker-file-storage-dev.s3.ap-southeast-1.amazonaws.com/geolayer/1763561320949.jpg,MTB
118,ad,as,as,"b'\x00\x00\x00\x00\x01\x03\x00\x00\x00\x01\x00\x00\x00\x05\x00\x00\x00D\x05\x0b4\x16lY@`\xb7\x13\xea""\xed\x05@<\x05\x8b\xc4\x05lY@\xc0\x1c\rvA\xee\x05@\\\x05\x8b\xf6\x0flY@\x00,\xa7\xa5\x9a\xf0\x05@X\x05\x8b`\x1elY@\xe09\xe9\xaa\xae\xef\x05@D\x05\x0b4\x16lY@`\xb7\x13\xea""\xed\x05@'",2025-11-19 14:15:15,,0,"[[101.6884862884203,2.7418693046892257],[101.6888571147882,2.7418693046892257],[101.6888571147882,2.741416979738981],[101.6884862884203,2.741416979738981]]",#FD7A00,https://s-tracker-file-storage-dev.s3.ap-southeast-1.amazonaws.com/geolayer/1763561714396.jpg,MTB
119,sdsf,sf,sf,b'\x00\x00\x00\x00\x01\x03\x00\x00\x00\x01\x00\x00\x00\x05\x00\x00\x00\xcc\x04\xcfT\x04lY@\xe0\x9as\xb1\x87\xee\x05@\xdc\x04O\xb6\x13lY@`\x0fh\xbd\xb6\xf0\x05@\xdc\x04Ol!lY@\xc0\t<\xeaC\xef\x05@\xe8\x04ON\x12lY@`\xec1\xde\x14\xed\x05@\xcc\x04\xcfT\x04lY@\xe0\x9as\xb1\x87\xee\x05@',2025-11-19 14:45:08,,0,"[[101.68870958649421,2.742601290819803],[101.68961867688122,2.7417938798679917],[101.68863381671429,2.740684993608404],[101.68772472632727,2.741492404560215]]",#FD7A00,https://s-tracker-file-storage-dev.s3.ap-southeast-1.amazonaws.com/geolayer/1763563507720.jpg,MTB
120,Zone A Departure Hall,Main Terminal Building ,Floor 3 ,"b'\x00\x00\x00\x00\x01\x03\x00\x00\x00\x01\x00\x00\x00\x04\x00\x00\x00\xa8D\xca\xea\xf1kY@@\\E,\xab\xee\x05@\xa8J\x08N\xeakY@@,P\xf4\xc9\xf0\x05@|\x19\xee/\xf7kY@\x80\xde\x96\x98\xc0\xf0\x05@\xa8D\xca\xea\xf1kY@@\\E,\xab\xee\x05@'",2025-11-19 14:46:14,2026-02-23 07:06:33,1,"[[101.6867646787486,2.744652505277216],[101.6883692975212,2.7431286301297035],[101.68651050984693,2.7411713574032035],[101.68490589107438,2.7426952325531317]]",#FD7A00,https://s-tracker-file-storage-dev.s3.ap-southeast-1.amazonaws.com/geolayer/1763563573361.jpg,MTB
121,dve build new,new,sdfsf,b'\x00\x00\x00\x00\x01\x03\x00\x00\x00\x01\x00\x00\x00\x06\x00\x00\x00\x14\x05\x0b\xf9\x14lY@\xc0\xf8\xb2\xd7;\xee\x05@4\x05\x8b\xad\rlY@@v%\xb0\xc2\xee\x05@\\\x05\x8b+\x17lY@`\x0e\x99\xc6\x19\xef\x05@(\x05\x0b\xdd\x12lY@`\xb2\x19\xb8\x81\xef\x05@$\x05\x8b\x7f\x1dlY@\xc0\x13\x01@0\xef\x05@\x14\x05\x0b\xf9\x14lY@\xc0\xf8\xb2\xd7;\xee\x05@',2025-11-19 15:02:26,,0,"[[101.68851487322615,2.74248650975452],[101.68946794220699,2.7419623049483555],[101.68882852998235,2.740799774673687],[101.68787546100151,2.7413239794798514]]",#FD7A00,https://s-tracker-file-storage-dev.s3.ap-southeast-1.amazonaws.com/geolayer/1763564545527.jpg,MTB
