geozoneId,geozoneName,tag,tagId,geolayerId,boundary,boundaryColor,createdOn,modifiedOn,status,type,noOfTrolleys
47,Dummy Geozone,USIM Tag,13,56,b'\x00\x00\x00\x00\x01\x03\x00\x00\x00\x01\x00\x00\x00\x05\x00\x00\x004\xc6\x85\xd0\x1alY@@7\x95Q\x82-\t@T\x8a\x08C)lY@\xc0\xc0K\xe1}-\t@\xc0\x8d\xd0T)lY@\x00\xd1\x81\xced+\t@\x1c\xb5\x9dw\x1alY@\x80E\x15\xafm+\t@4\xc6\x85\xd0\x1alY@@7\x95Q\x82-\t@',#FD7A00,2025-05-28 07:36:39,2025-08-04 04:28:58,1,general,0
48,MTB Level 5,Main Terminal Building KLIA,12,57,b'\x00\x00\x00\x00\x01\x03\x00\x00\x00\x01\x00\x00\x00\x06\x00\x00\x000\xaf^\xc3\x08mY@\xc0<\x14\xb2B\t\x06@\x88\x11\x03\xc5\x11mY@\xe0a\xcb;\x9c\x07\x06@h\x97\xf9-\x1cmY@`\xb0\x91\x12u\x08\x06@\xec\xbd)\x86\x13mY@ \x87\x0f\xc0&\n\x06@\xdc\xb3\xd2\x06\x0emY@\xe0\x08\x9d\x97\xb6\t\x06@0\xaf^\xc3\x08mY@\xc0<\x14\xb2B\t\x06@',#FD7A00,2025-05-29 06:36:17,2025-07-22 03:59:01,1,general,0
49,Ap Geozones,USIM Tag,13,58,b'\x00\x00\x00\x00\x01\x03\x00\x00\x00\x01\x00\x00\x00\x06\x00\x00\x00\x0c\x00\xe1\x91\xf5hY@\xa0\xf3\xdc\xe9\x9a\x16\x06@@\xf4av\xfchY@\x80\x0e\xcdx\x1f\x17\x06@\x0c\xb3O\xce\xfdhY@\xe0s\rT\xe9\x16\x06@\x1er[3\x02iY@\x00\xeb*\x88\xea\x14\x06@\xecJ\x0f\x14\xf6hY@\x00C\xf3\xcd\xb6\x14\x06@\x0c\x00\xe1\x91\xf5hY@\xa0\xf3\xdc\xe9\x9a\x16\x06@',#286AD4,2025-05-30 10:31:43,2025-10-03 04:38:13,1,general,0
50,Postgraduate Lounge,FKP Third Floor,9,53,"b'\x00\x00\x00\x00\x01\x03\x00\x00\x00\x01\x00\x00\x00\x05\x00\x00\x00\x84\xeb\x17K\x1brY@\xe0\x85ZA\x99\xbb\x06@\x10e""\x01\x1crY@@]\x0cC_\xbb\x06@\xb4\x81\xf8\x8d\x1erY@`}3B|\xbb\x06@`s-\xf4\x1drY@\xc0\x06b\x9a\xb8\xbb\x06@\x84\xeb\x17K\x1brY@\xe0\x85ZA\x99\xbb\x06@'",#FD7A00,2025-06-04 03:32:23,2025-09-23 07:09:16,1,general,0
51,Japanese Language Centre,FKP Third Floor,9,53,b'\x00\x00\x00\x00\x01\x03\x00\x00\x00\x01\x00\x00\x00\x05\x00\x00\x00\x80\x171@\x1brY@`\xd2\xb11\x98\xbb\x06@\xccA\x89n\x1crY@\xc0\xc7\xefw7\xbb\x06@\x08\r\x9b\xf4\x1arY@\x80\x03\xf3\x86(\xbb\x06@\xccc\x8f\xcc\x19rY@ 6\xb5@\x89\xbb\x06@\x80\x171@\x1brY@`\xd2\xb11\x98\xbb\x06@',#FD7A00,2025-06-04 03:44:16,2025-06-04 03:44:16,1,general,0
52,Mizan Research Centre,FKP Third Floor,9,53,b'\x00\x00\x00\x00\x01\x03\x00\x00\x00\x01\x00\x00\x00\x05\x00\x00\x00\x00\xbd\xa1\x8b\x19rY@\xc0\xd4\x86\xf1\x83\xbb\x06@t\n\x89n\x18rY@@\x19\x9d\xd3w\xbb\x06@ \x11\xf6\xa9\x19rY@\xa0\x8eY\xd5\x10\xbb\x06@\xcc\xe5\xfd\xc0\x1arY@ N\xdf8\x1f\xbb\x06@\x00\xbd\xa1\x8b\x19rY@\xc0\xd4\x86\xf1\x83\xbb\x06@',#FD7A00,2025-06-04 03:45:01,2025-06-04 03:45:01,1,general,0
53,Third Floor Lift,FKP Third Floor,9,53,"b'\x00\x00\x00\x00\x01\x03\x00\x00\x00\x01\x00\x00\x00\x05\x00\x00\x00\xa0;&;\x18rY@\xa0kdKx\xbb\x06@\xf8 ,\x99\x16rY@\xa0\xa5\x88""_\xbb\x06@\xc8\xb8]\x0e\x18rY@\xe09\xe5\xc4\xf6\xba\x06@0N\xb4e\x19rY@\x00\xf5g\xb9\x12\xbb\x06@\xa0;&;\x18rY@\xa0kdKx\xbb\x06@'",#FD7A00,2025-06-04 03:46:40,2025-06-04 03:46:40,1,general,0
54,Restroom,FKP Third Floor,9,53,b'\x00\x00\x00\x00\x01\x03\x00\x00\x00\x01\x00\x00\x00\x07\x00\x00\x00\xe8\xb7\xb9\xc1\x1drY@@\x13G\x94a\xbb\x06@\xd0\xd4-$\x1drY@\xe0\xd92\x1aA\xbb\x06@\x84\xdf\xf5\x8d\x1crY@\x80\xc7Li8\xbb\x06@\x88\xe6\xbd\xf7\x1brY@\x00S\xef\xb0\xff\xba\x06@\xc8\xee\xc8(\x1frY@\xe0=\x0f\xfb\xd6\xba\x06@\xb8h\xdcy rY@`\xf1fK4\xbb\x06@\xe8\xb7\xb9\xc1\x1drY@@\x13G\x94a\xbb\x06@',#FD7A00,2025-06-04 03:47:55,2025-06-04 03:47:55,1,general,0
55,LATLONG 1,USIM Tag,13,59,"b""\x00\x00\x00\x00\x01\x03\x00\x00\x00\x01\x00\x00\x00\x06\x00\x00\x00 \xe0\xbfY\xee\rT@\xb8\xf6\x96z\xfa\xfa)@\x9c\xc3\xfd\xd4\xef\rT@\x80\xd9\xd9\x97\xf5\xfa)@\x1c;r\xf1\xee\rT@PM'\xf6\xe1\xfa)@\x94\xcfe\xfc\xed\rT@P\xa70\x01\xe4\xfa)@\xec_\xe1\xa4\xed\rT@hP0\xcd\xe8\xfa)@ \xe0\xbfY\xee\rT@\xb8\xf6\x96z\xfa\xfa)@""",#FD7A00,2025-06-06 05:54:36,2025-06-10 05:20:53,1,general,0
56,LATLONG2,USIM Tag,13,59,b'\x00\x00\x00\x00\x01\x03\x00\x00\x00\x01\x00\x00\x00\x05\x00\x00\x00\x14 \xa7\xff\xf2\rT@\x08\x8e\x14\xcb\xea\xfa)@\xc0\x7f\xb9\x8e\xf4\rT@H\xf1\xf3X\xe5\xfa)@\x9c#T\x00\xf4\rT@\x00\xf1\xa6%\xd7\xfa)@\x14f\x0fn\xf2\rT@0\xdaku\xdc\xfa)@\x14 \xa7\xff\xf2\rT@\x08\x8e\x14\xcb\xea\xfa)@',#81F097,2025-06-06 12:33:26,2025-06-09 09:04:30,1,general,0
57,LATLONG3,USIM Tag,13,59,b'\x00\x00\x00\x00\x01\x03\x00\x00\x00\x01\x00\x00\x00\x06\x00\x00\x00\xdc\xb5\x82\xb2\xee\rT@\xe8\xe7\xaa8\xe7\xfa)@\x00\xae?\x17\xef\rT@x\xa0\xe3\xa9\xe6\xfa)@\xad\xa5Z\x1d\xef\rT@\xc4.\xff\xdf\xe3\xfa)@\x12\xdf\x9d\xf2\xee\rT@@\xcay\xd4\xe1\xfa)@\x94\x83\x82x\xee\rT@\x18`\x08\xf2\xe2\xfa)@\xdc\xb5\x82\xb2\xee\rT@\xe8\xe7\xaa8\xe7\xfa)@',#FD7A00,2025-06-09 08:52:20,2025-06-09 09:04:20,1,general,0
58,LATLONG4,USIM Tag,13,59,b'\x00\x00\x00\x00\x01\x03\x00\x00\x00\x01\x00\x00\x00\x07\x00\x00\x00X\x0fU1\xec\rT@X\xb9E\x8b\xea\xfa)@\xb0\xc2\x15\x8c\xed\rT@\x88\xa9\xbd\x8c\xe7\xfa)@X\xe1\xd4\xc4\xec\rT@\xf0\xe3\x8c\x95\xd5\xfa)@\xac\xa1\xaal\xeb\rT@\x10+a\x8c\xda\xfa)@=\xfd\xaaE\xea\rT@nK\xb4\xd2\xde\xfa)@\xee\xd3\xb3\xbc\xea\rT@\x0c\x97\x9f\t\xe7\xfa)@X\x0fU1\xec\rT@X\xb9E\x8b\xea\xfa)@',#FD7A00,2025-06-09 08:54:23,2025-06-10 08:32:23,1,cleaning,0
59,LATLONG5,USIM Tag,13,59,b'\x00\x00\x00\x00\x01\x03\x00\x00\x00\x01\x00\x00\x00\x05\x00\x00\x00<t\xbb\x91\xf9\rT@\xf8\xd7Re\xfa\xfa)@\xd8\x16\x0c\x82\xfb\rT@\xc8)\xc4j\xf4\xfa)@\x84\x1c\x12\x92\xfa\rT@\xb0\xdfp\x81\xdb\xfa)@\x0c@M\x9c\xf8\rT@0\xcd\x07\xd1\xe1\xfa)@<t\xbb\x91\xf9\rT@\xf8\xd7Re\xfa\xfa)@',#286AD4,2025-06-09 08:59:33,2025-06-09 09:03:56,1,general,0
60,LATLONG6,USIM Tag,13,59,b'\x00\x00\x00\x00\x01\x03\x00\x00\x00\x01\x00\x00\x00\x06\x00\x00\x00\x1c\xf9\xd4\xac\xe6\rT@\xd8m\x96\xdd\x03\xfb)@p\x98\xf5+\xeb\rT@H\t\xf8\xdd\x04\xfb)@<\xe5f\xa8\xea\rT@PEo\xd4\xeb\xfa)@\xa4\x81 U\xe6\rT@hIC\x81\xf1\xfa)@d\xbd\xfa\x80\xe6\rT@\xb8<\x17.\xf7\xfa)@\x1c\xf9\xd4\xac\xe6\rT@\xd8m\x96\xdd\x03\xfb)@',#000000,2025-06-09 09:03:33,2025-06-09 09:03:46,1,general,0
61,LATLONG7,USIM Tag,13,59,b'\x00\x00\x00\x00\x01\x03\x00\x00\x00\x01\x00\x00\x00\x05\x00\x00\x00\x84Z\xeb\xbb\xf1\rT@\xc0z\xa0q\xf4\xfa)@\x8c\xb2\x8a \xf3\rT@\xe0\xb7\xa3\x19\xf0\xfa)@4s\xdb`\xf2\rT@8\x082H\xdc\xfa)@<\xea\xc6\xf7\xf0\rT@H\x92.+\xe1\xfa)@\x84Z\xeb\xbb\xf1\rT@\xc0z\xa0q\xf4\xfa)@',#286AD4,2025-06-09 09:06:21,2025-06-10 08:32:05,1,maintenance,0
62,ARJUN-GEOZONE-1,USIM Tag,13,60,"b'\x00\x00\x00\x00\x01\x03\x00\x00\x00\x01\x00\x00\x00\x12\x00\x00\x00\xa0:m\x08\xfb)S@\xe8\x85L\xa88\x87%@P\x91\xd9\xe3\xf9)S@ \x8a~\xbd<\x87%@<p\x92\xcc\xf8)S@8\xfa8\xbeF\x87%@\xac\xdf\xee@\xf8)S@\x08\xc6\xa6\xb9O\x87%@,\xa7\xe1T\xf8)S@p\r\x8b*^\x87%@\xb8\x12\x11\x0f\xf9)S@\xf8D jj\x87%@P\xd1x&\xfa)S@P5\xf5[q\x87%@\x0c\xc7\t\xd0\xfb)S@0\xc50Bv\x87%@\xcc\xbc\x9ay\xfd)S@\x00\xf5\x977t\x87%@\xc4\xa9\xd4\xa4\xfe)S@\xb0h\xd7\xe8n\x87%@\xfcX\xaae\xff)S@p\xf0\x02\xf8g\x87%@0\x87u\xb5\xff)S@xU8\xd8a\x87%@\xd8\xa5\xa7\xea\xff)S@@\xf1\xa2\x98U\x87%@\xd8\xca\x1b\xbc\xff)S@h?+\xccK\x87%@\x1c\x0c\xad\xe0\xfe)S@\xa0\xe4z\x9cB\x87%@\xcc\xbc\x9ay\xfd)S@\xe0fY\xa6:\x87%@(\x8c\xbaG\xfc)S@\xf0b\xc0\x9b8\x87%@\xa0:m\x08\xfb)S@\xe8\x85L\xa88\x87%@'",#81F097,2025-06-10 08:10:34,2025-06-10 08:10:34,1,general,0
63,ARJUN-GEOZONE-2,USIM Tag,13,60,"b""\x00\x00\x00\x00\x01\x03\x00\x00\x00\x01\x00\x00\x00\x12\x00\x00\x000\x1ck7\x05*S@(k/\xc5h\x87%@8\xaa\xd8G\x05*S@(\xd8\xf5\xd6p\x87%@\xcc\x89\xd7\xba\x05*S@\xc8\xb7\x11'x\x87%@\xf8\x87\xb1N\x06*S@\xa8\x95\xf4t~\x87%@40\xd4\x13\x07*S@\xd0\r\xf4\xfe\x82\x87%@\x14\x80\x19\x9e\x08*S@P\xebH\xc7\x86\x87%@$\xb5\x96\xbd\t*S@\xf0\x1b\xd7\x07\x87\x87%@\x94wn7\x0b*S@\x18\x84\x82\xfa\x80\x87%@\xd0\xad\xfe\x0c\x0c*S@\xf8\x10\xbc-{\x87%@\xb0\xe4\xa1\x98\x0c*S@\xb8,KZr\x87%@t\xc7\xb3\xc1\x0c*S@\xe8\xc4\x84Hj\x87%@\xf4J4j\x0c*S@\xc8\x9c\xc45`\x87%@\x10oU\xa5\x0b*S@\x18w\x84*Z\x87%@\xa0$\x07~\n*S@0@D\x1fT\x87%@H\xfe\xd9\x91\x08*S@\x90\x8eYsS\x87%@\xc0r.\xde\x06*S@\x9e\xd4H\xcdV\x87%@X\xc4T\xbb\x05*S@\x9c;\xb6+_\x87%@0\x1ck7\x05*S@(k/\xc5h\x87%@""",#9FC4FF,2025-06-10 08:13:09,2025-06-10 08:13:09,1,general,0
64,ARJUN-GEOZONE-3,USIM Tag,13,60,"b'\x00\x00\x00\x00\x01\x03\x00\x00\x00\x01\x00\x00\x00\x11\x00\x00\x00H%\x1e\x03\x13*S@`\xd3\xc4\xa7u\x87%@\xd0\xb7\x85\x16\x13*S@\xd0\\\xffu|\x87%@\xa0;\xb1d\x13*S@\xc0\xeb\t\xd2\x82\x87%@L\xa8\xbeb\x14*S@\xc8\x98\xf9\x7f\x8a\x87%@<\x9aF\x9c\x15*S@H\x14@\x0f\x8f\x87%@\x04\xbd\xe8}\x17*S@\xd0\x85\x81\r\x8f\x87%@t\x91B\x06\x19*S@X\x1bV,\x89\x87%@\x84\xbfe+\x1a*S@x\x0c \xef|\x87%@8\x89\xd7m\x1a*S@\xc0\xbd\n7p\x87%@Hb\x0b\xe5\x19*S@ n\xfbUd\x87%@ \xf6\xfd\xe6\x18*S@\xd8\x0e`7^\x87%@D\xc0~\xa6\x17*S@8\xf4g`Z\x87%@\xf4\xa1\x187\x16*S@ e[\xb2X\x87%@\x18\x83\xb2\xc7\x14*S@\xe0q\xf8""Z\x87%@\xb85\x1a\xb6\x13*S@h]\x03\x7f`\x87%@\xf8s\t\x0e\x13*S@\xc8~N\x93j\x87%@H%\x1e\x03\x13*S@`\xd3\xc4\xa7u\x87%@'",#286AD4,2025-06-10 08:16:03,2025-06-10 08:16:03,1,general,0
65,ARJUN-GEOZONE-4,USIM Tag,13,60,"b'\x00\x00\x00\x00\x01\x03\x00\x00\x00\x01\x00\x00\x00\x0e\x00\x00\x00\xa0\xa3\x9f?\x1d*S@\xd8\xfbg\xc1C\x87%@,\x96\xf8g\x1e*S@h\x89Y\xba;\x87%@\xa4a\xdc\x04\x1f*S@8\x0eH\x182\x87%@\xa4a\xdc\x04\x1f*S@8\xf0\xb4\xa8\'\x87%@hCA_\x1e*S@\xf0\xa3!9\x1d\x87%@\xc4\x9a\xc5Y\x1d*S@\x88\xae\x17\xdf\x17\x87%@\xcc\xa8l1\x1c*S@\x88\xae\x17\xdf\x17\x87%@\xb8\x1a\x7f\xdd\x1a*S@\xc8&\xa0k\x1c\x87%@\x88Wu&\x1a*S@`\x89-\xa5#\x87%@$\xcd\x94\xc6\x19*S@\x00F>\xbe,\x87%@d`O\x0c\x1a*S@\x00\xd7O`6\x87%@\x08#Y\xc3\x1a*S@\x10\xe2\xdd"">\x87%@\xc0gi\xf4\x1b*S@\x00\xfcg\xc1C\x87%@\xa0\xa3\x9f?\x1d*S@\xd8\xfbg\xc1C\x87%@'",#FD7A00,2025-06-10 08:17:51,2025-06-10 08:19:56,1,cleaning,0
66,ARJUN-GEOZONE-5,USIM Tag,13,60,"b'\x00\x00\x00\x00\x01\x03\x00\x00\x00\x01\x00\x00\x00\x0f\x00\x00\x00\x1c\xa9\'\x1a\x1d*S@\x08\xcf\x9ep\x02\x87%@(\x82~<\x1e*S@\xa8\x1f4\x9b\xfb\x86%@\x00_\xfc\xc3\x1e*S@@-\xbd\xb8\xef\x86%@\x88\xf4\xabc\x1e*S@\xb8\xb7}:\xe3\x86%@,h%\xbf\x1d*S@@\xbf\xc3\xe8\xda\x86%@T\xf1\x06<\x1c*S@\xe8Z\xb7\xdb\xd5\x86%@,z\xe8\xb8\x1a*S@\x00\xdf%\xf0\xd7\x86%@\x08#%I\x19*S@H\xe4\x02\x19\xdc\x86%@\xbc\x88\x84M\x18*S@\x90\xd8\xbcj\xe4\x86%@\xa0\n\x18\x00\x18*S@\xc8\xe6\xf4\x1c\xef\x86%@\x84\xd9{0\x18*S@\x90\x8a<\x1b\xfa\x86%@X\x03\xca5\x19*S@\xb8\x9e\x15\x05\x03\x87%@\xa8\xea:\xaf\x1a*S@ \r\xc3I\x06\x87%@p""\xa3\x0b\x1c*S@\x00\x84\xa3\xb1\x05\x87%@\x1c\xa9\'\x1a\x1d*S@\x08\xcf\x9ep\x02\x87%@'",#81F097,2025-06-10 08:19:42,2025-06-10 08:19:42,1,maintenance,0
67,ARJUN-GEOZONE-6,USIM Tag,13,60,"b'\x00\x00\x00\x00\x01\x03\x00\x00\x00\x01\x00\x00\x00\x13\x00\x00\x00\x98X5-\x13*S@\xd8E\xa2\x18\x92\x86%@\x14an\xcc\x13*S@\xa0\xbc\x92g\x8a\x86%@t\x10M\xec\x14*S@`{\xe41\x83\x86%@\x10j\x98\x04\x16*S@H9 \x91\x81\x86%@\xf4\x1a\xc2\x88\x17*S@X\x07Pf\x83\x86%@<\xccB\x1a\x19*S@\x18\x86\x9bN\x8b\x86%@\xf4#\xec\xc0\x19*S@ a!\x9c\x94\x86%@\x8cz\xad\x0c\x1a*S@hd\xf6\xbf\x9c\x86%@\xf4#\xec\xc0\x19*S@\xf0\xaa,7\xa7\x86%@\xd4""\x04f\x19*S@\xd0W\x16\xcc\xac\x86%@Xu\xc7\xb7\x18*S@\x98Ka\xb4\xb4\x86%@\x88\xc6\\\xc5\x17*S@\x00v\x10\xe4\xb8\x86%@\xe4\xc1\xea\x9d\x16*S@\xb8\xc3q7\xbb\x86%@\x80g\xe5n\x15*S@@8\x85\xae\xbb\x86%@\x90\x0cl\x12\x14*S@\x00\xff\xfcl\xb8\x86%@\x10\xb4\x08U\x13*S@\x90LO7\xb1\x86%@\xa8\x07@\xd4\x12*S@\xe8\x17g\x9c\xa8\x86%@\xa0\\\x19\xc5\x12*S@\x88)Y\r\x9c\x86%@\x98X5-\x13*S@\xd8E\xa2\x18\x92\x86%@'",#9FC4FF,2025-06-10 08:21:25,2025-06-10 08:21:25,1,general,0
68,ARJUN-GEOZONE-7,USIM Tag,13,60,"b'\x00\x00\x00\x00\x01\x03\x00\x00\x00\x01\x00\x00\x00\x10\x00\x00\x00\x84F2\x1f\x05*S@\xd8\xee\xa78\x85\x86%@x2\xf7\x92\x05*S@P\xa1=;|\x86%@\xccn\xbe\x95\x06*S@\xa0^y\xb4t\x86%@T\xcaC\x96\x07*S@\xd0V\xd3\x94q\x86%@H \x88^\t*S@\x98\xf9\xfe@s\x86%@L\x7f\x99\x9e\n*S@@\xd5\x81Ex\x86%@0b\x91\x9a\x0b*S@ \xa5qx\x81\x86%@L\x90I\xec\x0b*S@h\xa6\xf1K\x8b\x86%@\xa0\xbb`\xa1\x0b*S@X*\xe1~\x94\x86%@(=\xa6\xc0\n*S@\x90E\x8f/\x9b\x86%@\x8c\xe9\x02\x95\t*S@\xe8\xae\x1c\x9f\xa0\x86%@ &\xb49\x08*S@\xb8\x9e\xcd\x80\xa2\x86%@ \x15\x04\xec\x06*S@P\x1f\xa2\xd4\xa0\x86%@`\xcd\xce\xd4\x05*S@\x08\xa3n\xee\x99\x86%@,\x18\x8f*\x05*S@\xc0\xa6S\x0f\x8f\x86%@\x84F2\x1f\x05*S@\xd8\xee\xa78\x85\x86%@'",#286AD4,2025-06-10 08:52:14,2025-06-10 08:52:14,1,general,0
69,ARJUN-GEOZONE-8,USIM Tag,13,60,"b'\x00\x00\x00\x00\x01\x03\x00\x00\x00\x01\x00\x00\x00\x11\x00\x00\x00P/\xd8\x89\xfa)S@8\xb3\xae\xab\xa4\x86%@\x08>\\ \xf9)S@\x10\xf8\xc5\x9b\x9d\x86%@\x94\x8c\xc1J\xf8)S@\x10\xa4\x0b\x85\x93\x86%@\xf4U\xe0\xb6\xf7)S@\xb8\x94\xa2\xe8\x86\x86%@TN\x9ek\xf8)S@p\xfe\xa1\xcf{\x86%@h\x15\x84r\xf9)S@\xb0%\xc47q\x86%@\xecN\xf1\xa1\xfa)S@@K\xeb?l\x86%@T\xb1e,\xfc)S@\x18\x81w\xb2j\x86%@H\x91\x1df\xfd)S@\x08T\xe1}m\x86%@0\x81\xde8\xfe)S@h\x8c{0s\x86%@\xe4\xab\xe5\x93\xfe)S@\xb8\xed\xa0\xad~\x86%@\xe4\xab\xe5\x93\xfe)S@X\xc0\xd9\xae\x87\x86%@\x88\xfc\x18M\xfe)S@0\xe6\x94`\x90\x86%@\xd8\xdb\x9c\xc9\xfd)S@pb\xd2\xc2\x98\x86%@ \x9a\xa4\xc2\xfc)S@\x98*\x976\xa0\x86%@\x10\x1b\x8f\xb1\xfb)S@h\x0c\xf7?\xa4\x86%@P/\xd8\x89\xfa)S@8\xb3\xae\xab\xa4\x86%@'",#FD7A00,2025-06-10 08:53:35,2025-06-10 08:53:35,1,general,0
70,ARJUN-GEOZONE-9,USIM Tag,13,60,"b'\x00\x00\x00\x00\x01\x03\x00\x00\x00\x01\x00\x00\x00\x13\x00\x00\x00x\x82(\xe7\xfa)S@\xb8\x9b+(\x06\x87%@\xb4\x15\x0f\xab\xf9)S@P\xfa\xa7}\x02\x87%@<\xea\xfbu\xf8)S@p\xf3\xccK\xfa\x86%@\x80\xda\x97\x05\xf8)S@\xc8T\x7f\x97\xf0\x86%@D\x99\xaa\x1a\xf8)S@\x10a\x81\x15\xe4\x86%@\x04\xb5Y\xdf\xf8)S@\x08\r""9\xd8\x86%@\xf0\xd4!\xc0\xf9)S@\x80\x84`C\xd3\x86%@l\x005\xf5\xfa)S@\x98\xc1=\xf3\xce\x86%@\xf07\x93~\xfc)S@\x98\xc1=\xf3\xce\x86%@\x98g\xbf\xcf\xfd)S@\xf8B\xe5\xac\xd0\x86%@\x10\x93\xd2\x04\xff)S@\xe8\xfcVp\xd8\x86%@\xe80\x8e\xd7\xff)S@\x08\xff\xa4$\xe2\x86%@\xf8\xf7\xb9\x08\x00*S@ \xeb\xbd\xa1\xeb\x86%@\xe80\x8e\xd7\xff)S@\xd8\xec7y\xf4\x86%@<\x97\xeb \xff)S@\xf0.\xa9<\xfc\x86%@\xbc\xb0\xf7\x0e\xfe)S@p9\xd4\xa0\x01\x87%@\xf4C\xde\xd2\xfc)S@@\xdcWK\x05\x87%@(a\x03\xdd\xfb)S@\xd0t`_\x06\x87%@x\x82(\xe7\xfa)S@\xb8\x9b+(\x06\x87%@'",#9FC4FF,2025-06-10 08:55:07,2025-06-10 08:55:07,1,maintenance,0
72,Geozone 1,USIM Tag,13,58,b'\x00\x00\x00\x00\x01\x03\x00\x00\x00\x01\x00\x00\x00\x08\x00\x00\x00\x08\x89\x18\x08@lY@\xe0R\xcd\xe7:<\x06@\x14\x89\xd8\x9fBlY@\x00\xe2\xd6xm<\x06@\x04\x89XxDlY@ \xe2-\xef\x06<\x06@l\x04\x08\xd1=lY@@\xc3QVs;\x06@0h\xa0\x8eBlY@\x00@mJ\x1c<\x06@\x9a(\xe2-@lY@\xd0\xfb\xd1C\xf2;\x06@\x8d\x94)\xf2AlY@x\x1d\x91\x83\x83;\x06@\x08\x89\x18\x08@lY@\xe0R\xcd\xe7:<\x06@',#FD7A00,2025-06-24 10:24:57,2025-08-05 13:24:24,1,general,0
73,Geozone 2,USIM Tag,13,58,"b'\x00\x00\x00\x00\x01\x03\x00\x00\x00\x01\x00\x00\x00\x05\x00\x00\x00d\x13\xebEylY@`,E\xee\xf1\r\x06@\x88\x13\xebo|lY@\xc0H#\x8b2\x0e\x06@|\x13ku~lY@`L\xba\x14\xa6\r\x06@`\x13\xeb\x8e{lY@`\xae\xb2\x83s\r\x06@d\x13\xebEylY@`,E\xee\xf1\r\x06@'",#FD7A00,2025-06-24 10:26:01,2025-08-05 13:24:54,1,general,0
74,Geozone 3,USIM Tag,13,58,b'\x00\x00\x00\x00\x01\x03\x00\x00\x00\x01\x00\x00\x00\x04\x00\x00\x00\x1cg\x88~rlY@\xa0l\xef\xe3\xc1\x13\x06@\x88f\xc8\x97slY@\xe0\x8cJ8\xe9\x13\x06@$1f\xedslY@\xc0\x82\x86o\xa8\x13\x06@\x1cg\x88~rlY@\xa0l\xef\xe3\xc1\x13\x06@',#FD7A00,2025-06-24 10:26:48,2025-08-05 13:25:35,1,general,0
75,MTB Level 4,Main Terminal Building KLIA,12,85,"b'\x00\x00\x00\x00\x01\x03\x00\x00\x00\x01\x00\x00\x00\x06\x00\x00\x00\xc0\xdd\xe4q\x04mY@\x80E\x19%\x8c\x08\x06@,Q\x1f\x98\x0bmY@\xe0\xc5j\xe6=\x07\x06@\xacV\x85])mY@\xa0c\xd5\x83\xc2\t\x06@\xc8\xaa\xa8\x00""mY@`\x9e\xf0f\x1e\x0b\x06@\x84R\xefF\x13mY@\xc0\x1e\x9b\xfa\xd6\t\x06@\xc0\xdd\xe4q\x04mY@\x80E\x19%\x8c\x08\x06@'",#FD7A00,2025-06-25 01:46:33,2025-07-22 03:57:51,1,general,1
76,CAR PARK BLOCK B-LEVEL 1,CAR PARK STCP BLOCK B ,14,64,b'\x00\x00\x00\x00\x01\x03\x00\x00\x00\x01\x00\x00\x00\x05\x00\x00\x00\xd8;Ef\xeflY@ \x18v\xe7\x86\n\x06@$p\xba\xe2\xfalY@\xc0w\x81\xa9~\x0b\x06@\x94<g3\x03mY@\x80^l\x80\xf4\t\x06@L\x08\xf2\xb6\xf7lY@`\xea\xbc}\xfa\x08\x06@\xd8;Ef\xeflY@ \x18v\xe7\x86\n\x06@',#81F097,2025-06-25 03:13:02,2025-07-21 05:24:32,1,general,1478
77,AplGeozone-1,USIM Tag,13,101,b'\x00\x00\x00\x00\x01\x03\x00\x00\x00\x01\x00\x00\x00\t\x00\x00\x00\x18P\xd36\x9c\x0fT@@\x0b%j\x0c\xed)@\x08\xfb\x85\xa3\xb9\x0fT@\x98S\xec\xba\xd5\xec)@A5\xb5\x9f\xbc\x0fT@\x8c\xad\xd1<\xbd\xec)@ze\xfe\xe4\xb6\x0fT@p\xf73\xd2O\xec)@7\xfdk\x07\xb1\x0fT@\xcc:\x9d$\xef\xeb)@d\xa8\xb8(\xae\x0fT@H\x8a\xb5\xe1\xeb\xeb)@h-\x1e\xe7\x9a\x0fT@\xb8\x88\x0c\xf6\x1c\xec)@\xd4\xc0;\x85\x96\x0fT@\x1cn\xb2\xf61\xec)@\x18P\xd36\x9c\x0fT@@\x0b%j\x0c\xed)@',#FD7A00,2025-06-27 05:09:48,2025-06-27 09:37:44,1,general,8
78,AplGeozone-2,USIM Tag,13,102,"b'\x00\x00\x00\x00\x01\x03\x00\x00\x00\x01\x00\x00\x00\x0e\x00\x00\x00\xc4w\x9c\xb2&\x0fT@p\xe2\x8b\x01\xc5\xe9)@\xe6W\x91\x0e,\x0fT@\xa0\xc6\xe3\xfe\xc6\xe9)@\xbd\x95\xe0\xfd.\x0fT@\xa0\xce\xdf\x02\xc4\xe9)@\x84\x9c\xdc\xe70\x0fT@p\x02$\x14\xb7\xe9)@\xc8/\\\xf4/\x0fT@\x90\x99\xff\x02\x9f\xe9)@\x84Gr\x110\x0fT@\xb3\xda\xe8\x83\x98\xe9)@\xf58\xdb<0\x0fT@\xf6gn8\x8d\xe9)@\x96\xc7\x1d\xf6/\x0fT@,vm\xb4r\xe9)@\xd4\xb3\xc0\xbc.\x0fT@\x08_\xeb\xa1K\xe9)@\x10w\x1b\x1f,\x0fT@<t3-C\xe9)@0\xa1 \xa2)\x0fT@\xc8>\x9c\x9cO\xe9)@H:v\x81)\x0fT@\xb0\xcdQF\x90\xe9)@\x98\xfc&\x92&\x0fT@ \xc4\xba3\x9e\xe9)@\xc4w\x9c\xb2&\x0fT@p\xe2\x8b\x01\xc5\xe9)@'",#FD7A00,2025-06-27 05:19:49,2025-07-14 06:22:44,1,general,213
79,AplMaintenance,USIM Tag,13,102,b'\x00\x00\x00\x00\x01\x03\x00\x00\x00\x01\x00\x00\x00\x07\x00\x00\x00\x9c\x19\xfb\xd1/\x0fT@x\xf41\xb0\xcf\xe9)@\x92\xf1iD1\x0fT@\x10\xb6\xbap\xd0\xe9)@\xf0\xd7\x8a\xcf2\x0fT@\xd0\xa3\x97n\xcd\xe9)@&\xdf\xe3\xdb2\x0fT@\x90\xd5\x92T\xbf\xe9)@\xec\xbe\xfa\xed0\x0fT@\x10\xb7\xc2\xbd\xb5\xe9)@\xb8\x90_\xe7.\x0fT@\xc8~\xa5\xa7\xc3\xe9)@\x9c\x19\xfb\xd1/\x0fT@x\xf41\xb0\xcf\xe9)@',#FD7A00,2025-07-14 06:12:25,2025-07-14 06:25:08,1,maintenance,0
80,AplCleaning,USIM Tag,13,102,"b'\x00\x00\x00\x00\x01\x03\x00\x00\x00\x01\x00\x00\x00\x05\x00\x00\x00\xa0X\xfc10\x0fT@\xc8.\xc8P\x96\xe9)@L\x18\xd1\x1d5\x0fT@\xc8.\xc8P\x96\xe9)@hc\xf2\x0b5\x0fT@\xe008[\x84\xe9)@(6\xac&0\x0fT@`\xb4""\x0f\x85\xe9)@\xa0X\xfc10\x0fT@\xc8.\xc8P\x96\xe9)@'",#FD7A00,2025-07-14 06:13:07,2025-07-14 06:24:25,1,cleaning,38
81,CAR PARK BLOCK A - LEVEL 1,CAR PARK STCP BLOCK A,15,65,b'\x00\x00\x00\x00\x01\x03\x00\x00\x00\x01\x00\x00\x00\x05\x00\x00\x00l\xb4:s\xe5lY@`\xa3\x11\x98\xb4\t\x06@8\x83YH\xeflY@\xc0\x86\x9ak\x90\n\x06@L\x9b\x9b\xfd\xf7lY@`J\x8f]\xf9\x08\x06@ \xfb\xd1\x87\xedlY@`\x01\xcb9$\x08\x06@l\xb4:s\xe5lY@`\xa3\x11\x98\xb4\t\x06@',#FD7A00,2025-07-16 04:05:43,2025-07-16 04:05:43,1,general,2
82,CAR PARK BLOCK A - LEVEL 2,CAR PARK STCP BLOCK A,15,67,"b'\x00\x00\x00\x00\x01\x03\x00\x00\x00\x01\x00\x00\x00\x05\x00\x00\x00\xd4\xde\xca,\xe5lY@ y(\xd4\xb9\t\x06@\\\xc0\xc9F\xeflY@\xc0\x1e\xe7\r\x90\n\x06@|\xc9=9\xf8lY@\xa0\xf3\x9b\r\xf6\x08\x06@\xf4\xe1\x16\xc5\xedlY@\xe0X\xa3\xbb\x19\x08\x06@\xd4\xde\xca,\xe5lY@ y(\xd4\xb9\t\x06@'",#9FC4FF,2025-07-16 04:06:38,2025-07-21 05:23:55,1,general,0
83,CAR PARK BLOCK B - LEVEL 2,CAR PARK STCP BLOCK B ,14,66,b'\x00\x00\x00\x00\x01\x03\x00\x00\x00\x01\x00\x00\x00\x05\x00\x00\x00P\xef\x15 \xeflY@`f(\x8e\x8f\n\x06@H\x890\x13\xfblY@@\x0f\xa6$\x8f\x0b\x06@d=\xc3y\x03mY@\x00\xf3\xfb+\xf0\t\x06@\\<\xa9\xcb\xf7lY@\xc0\xbdR\xf1\xfe\x08\x06@P\xef\x15 \xeflY@`f(\x8e\x8f\n\x06@',#286AD4,2025-07-16 04:08:20,2025-07-21 05:24:58,1,general,0
84,ALPS B1,ALPS - Building 1,17,103,b'\x00\x00\x00\x00\x01\x03\x00\x00\x00\x01\x00\x00\x00\x05\x00\x00\x00\x989\x91OMtY@\xa0\x96\x80\xa8I\xa7\x06@\xb4fn\rVtY@\x00\xfa\xb6\t<\xa7\x06@P\x80\x03\xe2VtY@\xa0\x9e\xc3!\x80\xaa\x06@\x8c\x89\x8f\x1eNtY@\xa0VV\xae\x85\xaa\x06@\x989\x91OMtY@\xa0\x96\x80\xa8I\xa7\x06@',#FD7A00,2025-07-17 01:31:05,2025-07-24 08:34:10,1,general,1
85,MTB Level 2,Main Terminal Building KLIA,12,104,"b'\x00\x00\x00\x00\x01\x03\x00\x00\x00\x01\x00\x00\x00\x05\x00\x00\x00x\x8bd\xc1\x04mY@`\x9f\xc0L\xa1\x08\x06@\xc4\xaa \x87\x08mY@\x00\xc8U\xdf\xef\x07\x06@H6 L""mY@\xa0\xc1\x94\xb5\x04\n\x06@t\x86\xc5\x85\x1emY@\x807\xfea\xb8\n\x06@x\x8bd\xc1\x04mY@`\x9f\xc0L\xa1\x08\x06@'",#FD7A00,2025-07-21 02:03:49,2025-07-23 04:25:33,1,general,6
86,CAR PARK BLOCK C LEVEL G,CAR PARK BLOCK C,19,84,"b'\x00\x00\x00\x00\x01\x03\x00\x00\x00\x01\x00\x00\x00\x05\x00\x00\x00\xdc\x8d\xb8\xb6\x08mY@\x80\xaee\x17\xb2\x0c\x06@\\X\xd0\xe4\x10mY@\x00:""%\'\x0b\x06@\x0c\xda\xdc\xc3\x1amY@\xa0M&\x10\xfc\x0b\x06@\xec7\xc1`\x12mY@@\x13qI\x7f\r\x06@\xdc\x8d\xb8\xb6\x08mY@\x80\xaee\x17\xb2\x0c\x06@'",#FD7A00,2025-07-21 06:55:38,2025-07-21 06:55:38,1,general,56
87,CAR PARK BLOCK D - LEVEL B,CAR PARK STCP BLOCK D,20,83,"b'\x00\x00\x00\x00\x01\x03\x00\x00\x00\x01\x00\x00\x00\x05\x00\x00\x00\x90\x07\xc3\xb4\x12mY@\xe0T\xffw\x8a\r\x06@\x1cldB\x1bmY@\x80\xd3\x0f\xd8\xf7\x0b\x06@\x98\xb2\x199&mY@@`V\x97\xf6\x0c\x06@\x1cq\xdb,\x1emY@\xa0\xa4^\x84\x80\x0e\x06@\x90\x07\xc3\xb4\x12mY@\xe0T\xffw\x8a\r\x06@'",#FD7A00,2025-07-21 08:28:52,2025-07-22 04:21:25,1,general,35
88,MTB Level 3 Arrival,Main Terminal Building KLIA,12,63,"b'\x00\x00\x00\x00\x01\x03\x00\x00\x00\x01\x00\x00\x00\x0b\x00\x00\x00\xc4\r\xb7}\x15mY@\x80\x8d\x8b\x10\x8b\x05\x06@\x10\x0e\xb7\x053mY@\x00\xb4]V\x00\x08\x06@\xac\r79%mY@\xc0C1kx\n\x06@\xd4\r\xb7\xfa.mY@\x00\xael\xa34\x0b\x06@\xa8\r7\xd9*mY@\xe0\xb6Mb\xda\x0b\x06@\xd0\r\xb7\xe4&mY@\xa0\xedF@u\x0b\x06@\xec\r\xb7A$mY@`\xbaO\x18\xfc\x0b\x06@\xc8\r\xb7""\xf8lY@\x00\x93\x9b""y\x08\x06@\xe4\r\xb7Z\xfclY@\xc0\xee\xfe&\xc8\x07\x06@\xa8\r7h\x05mY@ \xd5\xf6v\xa0\x08\x06@\xc4\r\xb7}\x15mY@\x80\x8d\x8b\x10\x8b\x05\x06@'",#FD7A00,2025-07-22 03:55:39,2025-07-23 07:36:11,1,general,0
89,MTB Level Ground,Main Terminal Building KLIA,12,105,"b'\x00\x00\x00\x00\x01\x03\x00\x00\x00\x01\x00\x00\x00\x07\x00\x00\x00@\xa7\xb5i\x15mY@\xe0\x04""2\x84\x05\x06@l\x99U\xda2mY@\x80\xe4\xbd\xe0\r\x08\x06@\xd8<\xf6;&mY@@1@\xdd_\n\x06@Xq\x89r.mY@\xe0\xf40\x82)\x0b\x06@ \xd94\x97+mY@\x80\x10qG\xb6\x0b\x06@T\xb85\xa6\x04mY@\xc0y\xcdG\x95\x08\x06@@\xa7\xb5i\x15mY@\xe0\x04""2\x84\x05\x06@'",#FD7A00,2025-07-22 04:07:44,2025-07-22 04:07:44,1,general,0
90,CAR PARK BLOCK B - LEVEL G,CAR PARK STCP BLOCK B ,14,71,b'\x00\x00\x00\x00\x01\x03\x00\x00\x00\x01\x00\x00\x00\x05\x00\x00\x00\xcc\xe6\xa5\xd2\xf7lY@\x80\x84\x1f\xee\xf9\x08\x06@\xc4\xc3\x05\x93\x03mY@\x00\xe0\xa8y\xf8\t\x06@\xcc\xd3g\xd0\xfalY@\xc0\x85\xdab\x8f\x0b\x06@\x14\x86\x17\xe7\xeelY@`\xe1\x1a\x9d\x97\n\x06@\xcc\xe6\xa5\xd2\xf7lY@\x80\x84\x1f\xee\xf9\x08\x06@',#FD7A00,2025-07-22 04:09:53,2025-07-22 04:09:53,1,general,0
91,CAR PARK BLOCK B - LEVEL B,CAR PARK STCP BLOCK B ,14,69,b'\x00\x00\x00\x00\x01\x03\x00\x00\x00\x01\x00\x00\x00\x05\x00\x00\x00\x18s\xa6[\xf7lY@\xe0\x98\x17w\xf0\x08\x06@<s&\x93\x03mY@\xa0\x8ad\xf6\x00\n\x06@\xf8r&#\xfblY@\xe0+2\x05\x7f\x0b\x06@Hs&/\xeflY@\x80\x8f\x9d\x9d\x8a\n\x06@\x18s\xa6[\xf7lY@\xe0\x98\x17w\xf0\x08\x06@',#FD7A00,2025-07-22 04:10:48,2025-07-22 04:10:48,1,general,0
92,CAR PARK BLOCK B - LEVEL 3,CAR PARK STCP BLOCK B ,14,73,b'\x00\x00\x00\x00\x01\x03\x00\x00\x00\x01\x00\x00\x00\x05\x00\x00\x00\xd0\x90V\xe1\x03mY@ \xe3\xa5x\xf9\t\x06@\xbc\x90V\xed\xf7lY@\x80\xde\xd9f\xf1\x08\x06@\xc8\x90V\xf6\xeelY@\x80\xe64\xbe\x88\n\x06@\xdc\x90V\xea\xfalY@\x80\x82\xc9%}\x0b\x06@\xd0\x90V\xe1\x03mY@ \xe3\xa5x\xf9\t\x06@',#FD7A00,2025-07-22 04:11:39,2025-07-22 04:11:39,1,general,0
93,CAR PARK BLOCK B - LEVEL 4,CAR PARK STCP BLOCK B ,14,75,b'\x00\x00\x00\x00\x01\x03\x00\x00\x00\x01\x00\x00\x00\x05\x00\x00\x00t\n\xe0\x96\x03mY@ A\x95\xc4\xf3\t\x06@l\n\xe0\xfc\xf7lY@`\xd1\x1cv\xe0\x08\x06@l\n\xe0\xd8\xeelY@\xe00z\xa8\x88\n\x06@\x80\n`\xb6\xfalY@\xa0\xd9\x0e\x10}\x0b\x06@t\n\xe0\x96\x03mY@ A\x95\xc4\xf3\t\x06@',#FD7A00,2025-07-22 04:12:19,2025-07-22 04:12:19,1,general,0
94,CAR PARK BLOCK B - LEVEL 5,CAR PARK STCP BLOCK B ,14,77,b'\x00\x00\x00\x00\x01\x03\x00\x00\x00\x01\x00\x00\x00\x05\x00\x00\x00\x1c1x\x16\x03mY@ \x9d\xf4\xa0\xea\t\x06@01\xf8\x19\xf8lY@`q\xd4\xcb\xed\x08\x06@41x\x0c\xeflY@\x00\xa1/#\x85\n\x06@\xf40xZ\xfblY@\xc0\x11\x1a)\x7f\x0b\x06@\x1c1x\x16\x03mY@ \x9d\xf4\xa0\xea\t\x06@',#FD7A00,2025-07-22 04:12:58,2025-07-22 04:12:58,1,general,2
95,CAR PARK BLOCK A - LEVEL B,CAR PARK STCP BLOCK A,15,68,"b""\x00\x00\x00\x00\x01\x03\x00\x00\x00\x01\x00\x00\x00\x05\x00\x00\x00\xc0kI\xb9\xf7lY@\xc0$F\xc0\xfd\x08\x06@\x94k\xc9\x9d\xedlY@@6\xcc'\x0c\x08\x06@\xb0kI\x17\xe5lY@@\x05\xb2\xec\xab\t\x06@\xdck\xc92\xeflY@`\xe5\xc9\x0b\x87\n\x06@\xc0kI\xb9\xf7lY@\xc0$F\xc0\xfd\x08\x06@""",#FD7A00,2025-07-22 04:13:27,2025-07-22 04:13:27,1,general,0
96,CAR PARK BLOCK A - LEVEL G,CAR PARK STCP BLOCK A,15,70,"b'\x00\x00\x00\x00\x01\x03\x00\x00\x00\x01\x00\x00\x00\x05\x00\x00\x00\x9c\x89\xfa\x07\xf8lY@ i\x94\xb8\xfb\x08\x06@x\x89z\x19\xeelY@\xe0\xf0\xc6\\\x15\x08\x06@\x80\x89z""\xe5lY@\xe0N\xaaF\xa4\t\x06@\xb4\x89\xfaj\xeflY@\x80?\x18\x04\x85\n\x06@\x9c\x89\xfa\x07\xf8lY@ i\x94\xb8\xfb\x08\x06@'",#FD7A00,2025-07-22 04:13:59,2025-07-22 04:13:59,1,general,0
97,CAR PARK BLOCK A - LEVEL 3,CAR PARK STCP BLOCK A,15,72,"b'\x00\x00\x00\x00\x01\x03\x00\x00\x00\x01\x00\x00\x00\x05\x00\x00\x00@\xbd\x07\x08\xf8lY@\x00\x1eY\xba\xf7\x08\x06@,\xbd\x87F\xeelY@\xe0\xee\x0c\xcc\x19\x08\x06@<\xbd\x07\x93\xe5lY@\x80$\xc7\xc1\xb6\t\x06@\\\xbd\x87\x81\xeflY@\xc0\xe3\x88B\x8c\n\x06@@\xbd\x07\x08\xf8lY@\x00\x1eY\xba\xf7\x08\x06@'",#FD7A00,2025-07-22 04:14:31,2025-07-22 04:14:31,1,general,0
98,CAR PARK BLOCK A - LEVEL 4,CAR PARK STCP BLOCK A,15,74,b'\x00\x00\x00\x00\x01\x03\x00\x00\x00\x01\x00\x00\x00\x05\x00\x00\x00\x10f%\xd5\xf7lY@`\x14\x16y\xf8\x08\x06@\xf8e\xa5\x13\xeelY@\xc0\xa8s\xec\x14\x08\x06@\x10f%\x8d\xe5lY@\xc0\x15Y\xb1\xb4\t\x06@0f\xa5{\xeflY@\xa0\xe0\x1a2\x8a\n\x06@\x10f%\xd5\xf7lY@`\x14\x16y\xf8\x08\x06@',#FD7A00,2025-07-22 04:14:51,2025-07-22 04:14:51,1,general,0
99,CAR PARK BLOCK A - LEVEL 5,CAR PARK STCP BLOCK A,15,76,b'\x00\x00\x00\x00\x01\x03\x00\x00\x00\x01\x00\x00\x00\x05\x00\x00\x00H\x92r\xdd\xf7lY@`\xccm\xcb\xfc\x08\x06@(\x92\xf2\xee\xedlY@@{\xcb>\x19\x08\x06@4\x92r\x0e\xe5lY@\xe0\xaaX\x8a\xa2\t\x06@d\x92\xf2V\xeflY@`\x88\x1c\xe6\x88\n\x06@H\x92r\xdd\xf7lY@`\xccm\xcb\xfc\x08\x06@',#FD7A00,2025-07-22 04:15:12,2025-07-22 04:15:12,1,general,0
100,CAR PARK BLOCK C - LEVEL B,CAR PARK BLOCK C,19,82,"b""\x00\x00\x00\x00\x01\x03\x00\x00\x00\x01\x00\x00\x00\x05\x00\x00\x00DV'\xe3\x1amY@\xe0\xa0\xbfA\xfa\x0b\x06@$V'\x0b\x11mY@\x80e\x85S\x1c\x0b\x06@<V'n\x08mY@\xe0\xa4\xc8\xaa\xb3\x0c\x06@pV'\xcd\x12mY@\xc0\xab\xce\xc9\x8e\r\x06@DV'\xe3\x1amY@\xe0\xa0\xbfA\xfa\x0b\x06@""",#FD7A00,2025-07-22 04:16:37,2025-07-22 04:16:37,1,general,0
101,CAR PARK BLOCK C - LEVEL 2,CAR PARK BLOCK C,19,89,"b'\x00\x00\x00\x00\x01\x03\x00\x00\x00\x01\x00\x00\x00\x05\x00\x00\x00\x00\xf7L\xc6\x1amY@\xc0\x98\x9bZ\xea\x0b\x06@\xf0\xf6\xcc1\x11mY@@ebG\x1d\x0b\x06@\x10\xf7L\xd8\x08mY@\xa0\xd3z\xcf\xb1\x0c\x06@,\xf7\xcc\x99\x12mY@\x00(+uv\r\x06@\x00\xf7L\xc6\x1amY@\xc0\x98\x9bZ\xea\x0b\x06@'",#FD7A00,2025-07-22 04:17:18,2025-07-22 04:17:18,1,general,0
102,CAR PARK BLOCK C - LEVEL 3,CAR PARK BLOCK C,19,91,"b'\x00\x00\x00\x00\x01\x03\x00\x00\x00\x01\x00\x00\x00\x05\x00\x00\x00\xd8/P{\x1bmY@\x80\x18\xbf-\xf7\x0b\x06@\x98\xcc""i\x11mY@`N\xcfD""\x0b\x06@\x1cN\xa3\xcd\x08mY@\xc0\xd0\xf5P\xbd\x0c\x06@\xf0{\x80\x93\x12mY@\x80\x1e\r\x99\x8c\r\x06@\xd8/P{\x1bmY@\x80\x18\xbf-\xf7\x0b\x06@'",#FD7A00,2025-07-22 04:17:41,2025-07-22 04:17:41,1,general,0
103,CAR PARK BLOCK C - LEVEL 4,CAR PARK BLOCK C,19,93,"b""\x00\x00\x00\x00\x01\x03\x00\x00\x00\x01\x00\x00\x00\x05\x00\x00\x00\x88,\x01\x80\x1bmY@\x00z\xc1\xe4\xff\x0b\x06@\xf0\xd4\x86Y\x11mY@`M\x15\xea%\x0b\x06@\x94\x16|\xb1\x08mY@\x80\x1f\xa1\x94\xae\x0c\x06@0'\x0cP\x12mY@\x00i\xd5\x8f\x84\r\x06@\x88,\x01\x80\x1bmY@\x00z\xc1\xe4\xff\x0b\x06@""",#FD7A00,2025-07-22 04:18:01,2025-07-22 04:18:01,1,general,0
104,CAR PARK BLOCK C - LEVEL 5,CAR PARK BLOCK C,19,95,"b'\x00\x00\x00\x00\x01\x03\x00\x00\x00\x01\x00\x00\x00\x05\x00\x00\x00\xa8\xe8]E\x1bmY@\x80p\xc3\x9a\x01\x0c\x06@\x14\xc1\xd5\x10\x11mY@\x00\x8c\x84Z\x1b\x0b\x06@\x0c\xe4kl\x08mY@\x80\x93\x80\xb6\xad\x0c\x06@d/\xcb|\x12mY@\xc08,\xef\x8a\r\x06@\xa8\xe8]E\x1bmY@\x80p\xc3\x9a\x01\x0c\x06@'",#FD7A00,2025-07-22 04:18:28,2025-07-22 04:18:28,1,general,0
105,CAR PARK BLOCK D - LEVEL G,CAR PARK STCP BLOCK D,20,86,"b'\x00\x00\x00\x00\x01\x03\x00\x00\x00\x01\x00\x00\x00\x05\x00\x00\x00\xf4z:e&mY@ &\xb5G\xfa\x0c\x06@4y\xfc\xfc\x1amY@\xa0\x92,h\xf4\x0b\x06@\xe4h\xb5\xdb\x12mY@\xe0\x83HQ\x8b\r\x06@\xccCj\x03\x1emY@\xe0RD\x13\x81\x0e\x06@\xf4z:e&mY@ &\xb5G\xfa\x0c\x06@'",#FD7A00,2025-07-22 04:19:16,2025-07-22 04:19:16,1,general,0
106,CAR PARK BLOCK D - LEVEL 1,CAR PARK STCP BLOCK D,20,88,b'\x00\x00\x00\x00\x01\x03\x00\x00\x00\x01\x00\x00\x00\x05\x00\x00\x00\xac\x18s\xb3&mY@\xa0\xe4=\xa7\xf7\x0c\x06@X\xcf7\xe7\x1amY@\xe0\xd2\xbc\xd2\xf1\x0b\x06@\xe4=\xae\xad\x12mY@\x00vj\x0c\x84\r\x06@lAxy\x1emY@\xc0%\xb9\xb7{\x0e\x06@\xac\x18s\xb3&mY@\xa0\xe4=\xa7\xf7\x0c\x06@',#FD7A00,2025-07-22 04:19:38,2025-07-22 04:19:38,1,general,0
107,CAR PARK BLOCK D - LEVEL 2,CAR PARK STCP BLOCK D,20,90,b'\x00\x00\x00\x00\x01\x03\x00\x00\x00\x01\x00\x00\x00\x05\x00\x00\x00\xf0D1\x8f&mY@ \xa3\xc9\x80\xf5\x0c\x06@\x10\xb2g\x0c\x1bmY@@{R\xc8\xed\x0b\x06@x:\x92\xd4\x12mY@\x00rs\x0e\x80\r\x06@\x18\xf78+\x1emY@\xe0\x16\xa6y\x82\x0e\x06@\xf0D1\x8f&mY@ \xa3\xc9\x80\xf5\x0c\x06@',#FD7A00,2025-07-22 04:19:58,2025-07-22 04:19:58,1,general,0
108,CAR PARK BLOCK D - LEVEL 3,CAR PARK STCP BLOCK D,20,92,b'\x00\x00\x00\x00\x01\x03\x00\x00\x00\x01\x00\x00\x00\x05\x00\x00\x008J\x9f\xd4&mY@\xc0\xc6\xd3\x8e\xf3\x0c\x06@\xb4#\x88c\x1bmY@\xe0\xe3D;\xf8\x0b\x06@\x14d\x04\x96\x12mY@`\x90\xf8\xfe\x7f\r\x06@\xc4\xe1\x83\x15\x1emY@\xc0\x8d\x95\x1c\x86\x0e\x06@8J\x9f\xd4&mY@\xc0\xc6\xd3\x8e\xf3\x0c\x06@',#FD7A00,2025-07-22 04:20:29,2025-07-22 04:20:29,1,general,0
109,CAR PARK BLOCK D - LEVEL 4,CAR PARK STCP BLOCK D,20,94,b'\x00\x00\x00\x00\x01\x03\x00\x00\x00\x01\x00\x00\x00\x05\x00\x00\x00\xc0\xd7$\xcc&mY@`\xcb#\xb4\xfd\x0c\x06@\xec\x11g\x1f\x1bmY@\x80\xcc)\xf3\xfe\x0b\x06@\xb4\xd6\x1bA\x12mY@`\x8eC\xd8\x87\r\x06@\xb0\xc0T\x85\x1emY@@b\xc9\xf0\x8c\x0e\x06@\xc0\xd7$\xcc&mY@`\xcb#\xb4\xfd\x0c\x06@',#FD7A00,2025-07-22 04:20:48,2025-07-22 04:20:48,1,general,0
110,CAR PARK BLOCK D - LEVEL 5,CAR PARK STCP BLOCK D,20,96,b'\x00\x00\x00\x00\x01\x03\x00\x00\x00\x01\x00\x00\x00\x05\x00\x00\x00d1\x02\xb0&mY@ \xf9\xfa?\x00\r\x06@\xb0\xad)N\x1bmY@`\xbe*\xab\xf9\x0b\x06@`#\x11a\x12mY@`\x89\x98^\x83\r\x06@\xe0\xb6HG\x1emY@\xa0\xda\xa0L\x89\x0e\x06@d1\x02\xb0&mY@ \xf9\xfa?\x00\r\x06@',#FD7A00,2025-07-22 04:21:07,2025-07-22 04:21:07,1,general,0
111,apltest,USIM Tag,13,102,b'\x00\x00\x00\x00\x01\x03\x00\x00\x00\x01\x00\x00\x00\x05\x00\x00\x00\xc8s\xab5\xf7\x0eT@\x90f\x81\xc5\xda\xe8)@@+\xa2\xd5\x08\x0fT@hV\xa9\xa1\xc5\xe8)@\x94\xad\x18(\x08\x0fT@p\xedQ\x80f\xe8)@\x80\xfe\xd6T\xf6\x0eT@0\x85\x00\xad\\\xe8)@\xc8s\xab5\xf7\x0eT@\x90f\x81\xc5\xda\xe8)@',#FD7A00,2025-08-05 09:13:00,2025-08-05 09:13:55,1,cleaning,0
112,Office FKP,FKP Third Floor,9,53,b'\x00\x00\x00\x00\x01\x03\x00\x00\x00\x01\x00\x00\x00\x05\x00\x00\x00\xd4\xd0k\x10\x1drY@`\xfe\xa5UL\xbc\x06@\xf0\x96j\x89\x1drY@`\x04l\r$\xbc\x06@X`\xb9\xe1\x1erY@\xa0\xb8\xfd\xa71\xbc\x06@\xf4\xd3\xd4k\x1erY@@r\xaf\x19[\xbc\x06@\xd4\xd0k\x10\x1drY@`\xfe\xa5UL\xbc\x06@',#FD7A00,2025-09-03 03:52:47,2025-09-25 06:28:15,1,general,0
113,Canselori,Canselori,23,108,"b'\x00\x00\x00\x00\x01\x03\x00\x00\x00\x01\x00\x00\x00\x05\x00\x00\x00`t.(\x0brY@`\xe9,\xfeV\xc1\x06@\\V\xb0\xa6\trY@@\xebf>j\xc1\x06@\xbcj\x16\xe2\x08rY@\xe0\x97\xd7\xc0)\xc1\x06@\xc8\x0f-9\nrY@\x00x\xff\x0e\x15\xc1\x06@`t.(\x0brY@`\xe9,\xfeV\xc1\x06@'",#FD7A00,2025-09-25 08:14:41,2025-09-25 08:14:41,1,general,1
114,Sunder Office,FKP_Testing,24,109,b'\x00\x00\x00\x00\x01\x03\x00\x00\x00\x01\x00\x00\x00\x05\x00\x00\x00\xa0\\\xa9\x03\x1drY@ \xfd\xed_Y\xbc\x06@\x18\x94\xa1u\x1frY@ \xf3\x0e=l\xbc\x06@\xb0\x95{M rY@\x80\xa3\x899\x0b\xbc\x06@$\xf8\xae\x06\x1erY@\xc0\xe5\x18\x19\xff\xbb\x06@\xa0\\\xa9\x03\x1drY@ \xfd\xed_Y\xbc\x06@',#FD7A00,2025-10-01 04:28:34,2025-10-01 04:28:34,1,general,0
115,Firmware Room 1,Firmware Test,25,110,b'\x00\x00\x00\x00\x01\x03\x00\x00\x00\x01\x00\x00\x00\x05\x00\x00\x00\x98\xee\x01dr~Y@\x00*Y\xeb;\xfe\x05@\xb8\x8e\xbdRp~Y@@* \xb3\x12\xfe\x05@8\xec\xd6\x19n~Y@\xa0~\xc6\t\x7f\xfe\x05@\xa8G\xa0 p~Y@`\xc8t%\xae\xfe\x05@\x98\xee\x01dr~Y@\x00*Y\xeb;\xfe\x05@',#FD7A00,2025-10-01 13:03:11,2025-10-01 13:03:11,1,general,0
116,zone 1,MTB,26,111,b'\x00\x00\x00\x00\x01\x03\x00\x00\x00\x01\x00\x00\x00\x05\x00\x00\x00\x08\x18\xb3o\xd8kY@\xe0\xea\xc7\xafe\xf2\x05@T:\x0cp\xdekY@\x00\x12\xcf\xba\xc7\xf2\x05@\xf8g2N\xe3kY@@\x06\xa5\xdf\x9c\xf1\x05@\x187\xc7<\xddkY@`?.hT\xf1\x05@\x08\x18\xb3o\xd8kY@\xe0\xea\xc7\xafe\xf2\x05@',#FD7A00,2025-10-03 08:03:04,2025-10-03 08:03:04,1,general,0
117,Zone 1 - Cleaning,MTB,26,63,"b'\x00\x00\x00\x00\x01\x03\x00\x00\x00\x01\x00\x00\x00\x05\x00\x00\x00\x88\xd6\xb1\x02\x05mY@\xa0\x9b\xce^\x9a\x08\x06@\x08\x9e\xe4\xbf\xfclY@\x80\xf1cj\xd3\x07\x06@\xc8\xf3\x9a,\xfblY@\xe0{\x80\x15\x02\x08\x06@p\xe3\x18\xbe\x03mY@\xe0\x9e\x1e\x95\xc6\x08\x06@\x88\xd6\xb1\x02\x05mY@\xa0\x9b\xce^\x9a\x08\x06@'",#81F097,2025-10-03 21:02:25,2025-10-03 21:02:25,1,cleaning,0
118,1310 Geozone ,1310 Gtag,27,112,b'\x00\x00\x00\x00\x01\x03\x00\x00\x00\x01\x00\x00\x00\x06\x00\x00\x00\xd8\xa7\xee\x18kmY@`\xb4%\x81\xec\xc7\x05@\xc0\xd2\xb0\xecrmY@@\x8d\xf7\x10q\xc8\x05@$\t\xf2\xdbsmY@@\xe1\xd3\xc9<\xc8\x05@P\xcb;\xf9kmY@`r\xcaK\xc5\xc7\x05@p\x1c\xa7rkmY@@>\xa3\xa1\xce\xc7\x05@\xd8\xa7\xee\x18kmY@`\xb4%\x81\xec\xc7\x05@',#FD7A00,2025-10-13 12:33:40,2025-10-13 12:34:41,1,maintenance,6
119,1310zone1,1310 Gtag,27,112,b'\x00\x00\x00\x00\x01\x03\x00\x00\x00\x01\x00\x00\x00\x08\x00\x00\x00 0?\xd1}mY@\x80\xac\xaae\xdd\xc8\x05@d>\xd1\x9b\x80mY@\xc0\xff\x92\x9f\x12\xc8\x05@\x04\xce\x1b\x97\x83mY@\xc0wO\xa6]\xc8\x05@\x10\xda\xc1\xdf\x85mY@\xc0bCI\xd5\xc8\x05@\xe8\xd5\xdf\x1c\x85mY@\xc0B{\xe5\x01\xc9\x05@\xac@B\xfd\x80mY@\x80\xa8G\xd7\xfd\xc8\x05@0\xb8@g\x7fmY@`6\xfa\xc1\xf7\xc8\x05@ 0?\xd1}mY@\x80\xac\xaae\xdd\xc8\x05@',#FD7A00,2025-10-15 12:31:59,2025-10-15 12:32:10,1,cleaning,7
120,Dewan Tuanku Canselor,USIM Tag,13,113,"b'\x00\x00\x00\x00\x01\x03\x00\x00\x00\x01\x00\x00\x00\x06\x00\x00\x00HC\xcb*$rY@\xc0?\xa1\x12>\xc6\x06@\xc4u+c0rY@\xa0X\xea)3\xc7\x06@\x80\xcd\x96\xc6,rY@`\x7f\x9am\xa0\xc8\x06@\xa0J0\x98!rY@\xa0z\xf5\xc0y\xc9\x06@\xe0\x93\xb8;\x19rY@\xe0\xe6\x87\xc2\x7f\xc7\x06@HC\xcb*$rY@\xc0?\xa1\x12>\xc6\x06@'",#FD7A00,2025-10-29 01:36:58,2025-10-29 07:32:51,1,general,2
121,Canselori Level 6,Canselori,23,114,"b""\x00\x00\x00\x00\x01\x03\x00\x00\x00\x01\x00\x00\x00\n\x00\x00\x00T\x97$;\x05rY@`95\xcbV\xc0\x06@\x00\xa5\x08\xbb\x07rY@\x80\xbd\xa0\x12'\xc1\x06@D\xe6`\xa6\trY@\x00\xaa+\x95\xb8\xc1\x06@\xdc\xcc\x00\xb4\x0brY@\xa0\x1c\xf1\x9f\x9a\xc1\x06@xD\x12$\nrY@\xe0\xe2\x9e\xf0\x1f\xc1\x06@4\x82qo\x0brY@ \x96g?\x10\xc1\x06@@\xd67\r\nrY@\xc0\xb4zj\x98\xc0\x06@l= \xe4\x08rY@\x00\xcc\xe3f\xa2\xc0\x06@\x04\xb51T\x07rY@`\x92\xf9\xd58\xc0\x06@T\x97$;\x05rY@`95\xcbV\xc0\x06@""",#FD7A00,2025-11-10 03:37:20,2025-11-10 04:13:16,1,general,0
122,APL Geozone ,USIM Tag,13,102,"b""\x00\x00\x00\x00\x01\x03\x00\x00\x00\x01\x00\x00\x00\x05\x00\x00\x00t\xf7\x9e\x89\x1d\x0fT@\x10cJ.\xc5\xe9)@\xdc\xd6\xfc\x93\x1d\x0fT@H\xef\xde\xc5\x90\xe9)@\x90\x92\xb4A%\x0fT@\x18\x95\x96'\x8f\xe9)@D\xd8\x82\x94%\x0fT@@\nh;\xcd\xe9)@t\xf7\x9e\x89\x1d\x0fT@\x10cJ.\xc5\xe9)@""",#286AD4,2025-12-11 09:15:04,2025-12-11 09:15:04,1,maintenance,0
123,Maintenance MTB ,MTB Level 2,18,104,b'\x00\x00\x00\x00\x01\x03\x00\x00\x00\x01\x00\x00\x00\x05\x00\x00\x00\x18\x8e{\x1f\tmY@\x80\xb1\x81\x9d\xa6\x08\x06@\xac\x16\xd7]\x0bmY@\xe0\x10\xd2\x1f\xd6\x08\x06@\xa80\xf1Q\x0cmY@\xa0\xdeS\xc9\xad\x08\x06@t\xb6g\x0c\nmY@@\xabf\xc2\x82\x08\x06@\x18\x8e{\x1f\tmY@\x80\xb1\x81\x9d\xa6\x08\x06@',#FD7A00,2026-02-24 02:25:34,2026-02-24 02:25:34,1,maintenance,0
